solid OpenSCAD_Model
  facet normal 0.970072 -0.242818 0
    outer loop
      vertex -61.1673 -19.6683 6
      vertex -61.1268 -19.5065 0
      vertex -61.1268 -19.5065 6
    endloop
  endfacet
  facet normal 0.970072 -0.242818 0
    outer loop
      vertex -61.1268 -19.5065 0
      vertex -61.1673 -19.6683 6
      vertex -61.1673 -19.6683 0
    endloop
  endfacet
  facet normal -0.146788 -0.989168 0
    outer loop
      vertex -59.3334 -18.3082 0
      vertex -59.1683 -18.3327 6
      vertex -59.3334 -18.3082 6
    endloop
  endfacet
  facet normal -0.146788 -0.989168 -0
    outer loop
      vertex -59.1683 -18.3327 6
      vertex -59.3334 -18.3082 0
      vertex -59.1683 -18.3327 0
    endloop
  endfacet
  facet normal -0.989168 -0.146788 0
    outer loop
      vertex -57.8082 -19.8334 0
      vertex -57.8327 -19.6683 6
      vertex -57.8327 -19.6683 0
    endloop
  endfacet
  facet normal -0.989168 -0.146788 0
    outer loop
      vertex -57.8327 -19.6683 6
      vertex -57.8082 -19.8334 0
      vertex -57.8082 -19.8334 6
    endloop
  endfacet
  facet normal -0.998791 -0.0491602 0
    outer loop
      vertex -57.8 -20 0
      vertex -57.8082 -19.8334 6
      vertex -57.8082 -19.8334 0
    endloop
  endfacet
  facet normal -0.998791 -0.0491602 0
    outer loop
      vertex -57.8082 -19.8334 6
      vertex -57.8 -20 0
      vertex -57.8 -20 6
    endloop
  endfacet
  facet normal -0.970072 -0.242818 0
    outer loop
      vertex -57.8327 -19.6683 0
      vertex -57.8732 -19.5065 6
      vertex -57.8732 -19.5065 0
    endloop
  endfacet
  facet normal -0.970072 -0.242818 0
    outer loop
      vertex -57.8732 -19.5065 6
      vertex -57.8327 -19.6683 0
      vertex -57.8327 -19.6683 6
    endloop
  endfacet
  facet normal -0.242818 0.970072 0
    outer loop
      vertex -59.0065 -21.6268 0
      vertex -59.1683 -21.6673 6
      vertex -59.0065 -21.6268 6
    endloop
  endfacet
  facet normal -0.242818 0.970072 0
    outer loop
      vertex -59.1683 -21.6673 6
      vertex -59.0065 -21.6268 0
      vertex -59.1683 -21.6673 0
    endloop
  endfacet
  facet normal -0.671478 -0.741024 0
    outer loop
      vertex -58.4215 -18.6859 0
      vertex -58.2979 -18.7979 6
      vertex -58.4215 -18.6859 6
    endloop
  endfacet
  facet normal -0.671478 -0.741024 -0
    outer loop
      vertex -58.2979 -18.7979 6
      vertex -58.4215 -18.6859 0
      vertex -58.2979 -18.7979 0
    endloop
  endfacet
  facet normal -0.941566 -0.33683 0
    outer loop
      vertex -57.8732 -19.5065 0
      vertex -57.9294 -19.3494 6
      vertex -57.9294 -19.3494 0
    endloop
  endfacet
  facet normal -0.941566 -0.33683 0
    outer loop
      vertex -57.9294 -19.3494 6
      vertex -57.8732 -19.5065 0
      vertex -57.8732 -19.5065 6
    endloop
  endfacet
  facet normal 0.803154 0.595772 0
    outer loop
      vertex -60.8141 -21.0785 6
      vertex -60.9135 -20.9445 0
      vertex -60.9135 -20.9445 6
    endloop
  endfacet
  facet normal 0.803154 0.595772 0
    outer loop
      vertex -60.9135 -20.9445 0
      vertex -60.8141 -21.0785 6
      vertex -60.8141 -21.0785 0
    endloop
  endfacet
  facet normal 0.33683 -0.941566 0
    outer loop
      vertex -60.1506 -18.4294 0
      vertex -59.9935 -18.3732 6
      vertex -60.1506 -18.4294 6
    endloop
  endfacet
  facet normal 0.33683 -0.941566 0
    outer loop
      vertex -59.9935 -18.3732 6
      vertex -60.1506 -18.4294 0
      vertex -59.9935 -18.3732 0
    endloop
  endfacet
  facet normal -0.427442 -0.904043 0
    outer loop
      vertex -58.8494 -18.4294 0
      vertex -58.6986 -18.5007 6
      vertex -58.8494 -18.4294 6
    endloop
  endfacet
  facet normal -0.427442 -0.904043 -0
    outer loop
      vertex -58.6986 -18.5007 6
      vertex -58.8494 -18.4294 0
      vertex -58.6986 -18.5007 0
    endloop
  endfacet
  facet normal 0.857652 0.514231 0
    outer loop
      vertex -60.9135 -20.9445 6
      vertex -60.9993 -20.8014 0
      vertex -60.9993 -20.8014 6
    endloop
  endfacet
  facet normal 0.857652 0.514231 0
    outer loop
      vertex -60.9993 -20.8014 0
      vertex -60.9135 -20.9445 6
      vertex -60.9135 -20.9445 0
    endloop
  endfacet
  facet normal 0.595772 -0.803154 0
    outer loop
      vertex -60.5785 -18.6859 0
      vertex -60.4445 -18.5865 6
      vertex -60.5785 -18.6859 6
    endloop
  endfacet
  facet normal 0.595772 -0.803154 0
    outer loop
      vertex -60.4445 -18.5865 6
      vertex -60.5785 -18.6859 0
      vertex -60.4445 -18.5865 0
    endloop
  endfacet
  facet normal 0.741024 -0.671478 0
    outer loop
      vertex -60.8141 -18.9215 6
      vertex -60.7021 -18.7979 0
      vertex -60.7021 -18.7979 6
    endloop
  endfacet
  facet normal 0.741024 -0.671478 0
    outer loop
      vertex -60.7021 -18.7979 0
      vertex -60.8141 -18.9215 6
      vertex -60.8141 -18.9215 0
    endloop
  endfacet
  facet normal 0.741024 0.671478 0
    outer loop
      vertex -60.7021 -21.2021 6
      vertex -60.8141 -21.0785 0
      vertex -60.8141 -21.0785 6
    endloop
  endfacet
  facet normal 0.741024 0.671478 0
    outer loop
      vertex -60.8141 -21.0785 0
      vertex -60.7021 -21.2021 6
      vertex -60.7021 -21.2021 0
    endloop
  endfacet
  facet normal -0.514231 -0.857652 0
    outer loop
      vertex -58.6986 -18.5007 0
      vertex -58.5555 -18.5865 6
      vertex -58.6986 -18.5007 6
    endloop
  endfacet
  facet normal -0.514231 -0.857652 -0
    outer loop
      vertex -58.5555 -18.5865 6
      vertex -58.6986 -18.5007 0
      vertex -58.5555 -18.5865 0
    endloop
  endfacet
  facet normal 0.970072 0.242818 0
    outer loop
      vertex -61.1268 -20.4935 6
      vertex -61.1673 -20.3317 0
      vertex -61.1673 -20.3317 6
    endloop
  endfacet
  facet normal 0.970072 0.242818 0
    outer loop
      vertex -61.1673 -20.3317 0
      vertex -61.1268 -20.4935 6
      vertex -61.1268 -20.4935 0
    endloop
  endfacet
  facet normal 0.998791 0.0491602 0
    outer loop
      vertex -61.1918 -20.1666 6
      vertex -61.2 -20 0
      vertex -61.2 -20 6
    endloop
  endfacet
  facet normal 0.998791 0.0491602 0
    outer loop
      vertex -61.2 -20 0
      vertex -61.1918 -20.1666 6
      vertex -61.1918 -20.1666 0
    endloop
  endfacet
  facet normal -0.33683 -0.941566 0
    outer loop
      vertex -59.0065 -18.3732 0
      vertex -58.8494 -18.4294 6
      vertex -59.0065 -18.3732 6
    endloop
  endfacet
  facet normal -0.33683 -0.941566 -0
    outer loop
      vertex -58.8494 -18.4294 6
      vertex -59.0065 -18.3732 0
      vertex -58.8494 -18.4294 0
    endloop
  endfacet
  facet normal 0.998791 -0.0491602 0
    outer loop
      vertex -61.2 -20 6
      vertex -61.1918 -19.8334 0
      vertex -61.1918 -19.8334 6
    endloop
  endfacet
  facet normal 0.998791 -0.0491602 0
    outer loop
      vertex -61.1918 -19.8334 0
      vertex -61.2 -20 6
      vertex -61.2 -20 0
    endloop
  endfacet
  facet normal 0.0491602 0.998791 -0
    outer loop
      vertex -59.5 -21.7 0
      vertex -59.6666 -21.6918 6
      vertex -59.5 -21.7 6
    endloop
  endfacet
  facet normal 0.0491602 0.998791 0
    outer loop
      vertex -59.6666 -21.6918 6
      vertex -59.5 -21.7 0
      vertex -59.6666 -21.6918 0
    endloop
  endfacet
  facet normal -0.595772 0.803154 0
    outer loop
      vertex -58.4215 -21.3141 0
      vertex -58.5555 -21.4135 6
      vertex -58.4215 -21.3141 6
    endloop
  endfacet
  facet normal -0.595772 0.803154 0
    outer loop
      vertex -58.5555 -21.4135 6
      vertex -58.4215 -21.3141 0
      vertex -58.5555 -21.4135 0
    endloop
  endfacet
  facet normal -0.595772 -0.803154 0
    outer loop
      vertex -58.5555 -18.5865 0
      vertex -58.4215 -18.6859 6
      vertex -58.5555 -18.5865 6
    endloop
  endfacet
  facet normal -0.595772 -0.803154 -0
    outer loop
      vertex -58.4215 -18.6859 6
      vertex -58.5555 -18.5865 0
      vertex -58.4215 -18.6859 0
    endloop
  endfacet
  facet normal -0.970072 0.242818 0
    outer loop
      vertex -57.8732 -20.4935 0
      vertex -57.8327 -20.3317 6
      vertex -57.8327 -20.3317 0
    endloop
  endfacet
  facet normal -0.970072 0.242818 0
    outer loop
      vertex -57.8327 -20.3317 6
      vertex -57.8732 -20.4935 0
      vertex -57.8732 -20.4935 6
    endloop
  endfacet
  facet normal 0.242818 -0.970072 0
    outer loop
      vertex -59.9935 -18.3732 0
      vertex -59.8317 -18.3327 6
      vertex -59.9935 -18.3732 6
    endloop
  endfacet
  facet normal 0.242818 -0.970072 0
    outer loop
      vertex -59.8317 -18.3327 6
      vertex -59.9935 -18.3732 0
      vertex -59.8317 -18.3327 0
    endloop
  endfacet
  facet normal -0.514231 0.857652 0
    outer loop
      vertex -58.5555 -21.4135 0
      vertex -58.6986 -21.4993 6
      vertex -58.5555 -21.4135 6
    endloop
  endfacet
  facet normal -0.514231 0.857652 0
    outer loop
      vertex -58.6986 -21.4993 6
      vertex -58.5555 -21.4135 0
      vertex -58.6986 -21.4993 0
    endloop
  endfacet
  facet normal -0.427442 0.904043 0
    outer loop
      vertex -58.6986 -21.4993 0
      vertex -58.8494 -21.5706 6
      vertex -58.6986 -21.4993 6
    endloop
  endfacet
  facet normal -0.427442 0.904043 0
    outer loop
      vertex -58.8494 -21.5706 6
      vertex -58.6986 -21.4993 0
      vertex -58.8494 -21.5706 0
    endloop
  endfacet
  facet normal 0.0491602 -0.998791 0
    outer loop
      vertex -59.6666 -18.3082 0
      vertex -59.5 -18.3 6
      vertex -59.6666 -18.3082 6
    endloop
  endfacet
  facet normal 0.0491602 -0.998791 0
    outer loop
      vertex -59.5 -18.3 6
      vertex -59.6666 -18.3082 0
      vertex -59.5 -18.3 0
    endloop
  endfacet
  facet normal -0.803154 -0.595772 0
    outer loop
      vertex -58.0865 -19.0555 0
      vertex -58.1859 -18.9215 6
      vertex -58.1859 -18.9215 0
    endloop
  endfacet
  facet normal -0.803154 -0.595772 0
    outer loop
      vertex -58.1859 -18.9215 6
      vertex -58.0865 -19.0555 0
      vertex -58.0865 -19.0555 6
    endloop
  endfacet
  facet normal -0.941566 0.33683 0
    outer loop
      vertex -57.9294 -20.6506 0
      vertex -57.8732 -20.4935 6
      vertex -57.8732 -20.4935 0
    endloop
  endfacet
  facet normal -0.941566 0.33683 0
    outer loop
      vertex -57.8732 -20.4935 6
      vertex -57.9294 -20.6506 0
      vertex -57.9294 -20.6506 6
    endloop
  endfacet
  facet normal -0.989168 0.146788 0
    outer loop
      vertex -57.8327 -20.3317 0
      vertex -57.8082 -20.1666 6
      vertex -57.8082 -20.1666 0
    endloop
  endfacet
  facet normal -0.989168 0.146788 0
    outer loop
      vertex -57.8082 -20.1666 6
      vertex -57.8327 -20.3317 0
      vertex -57.8327 -20.3317 6
    endloop
  endfacet
  facet normal 0.146788 -0.989168 0
    outer loop
      vertex -59.8317 -18.3327 0
      vertex -59.6666 -18.3082 6
      vertex -59.8317 -18.3327 6
    endloop
  endfacet
  facet normal 0.146788 -0.989168 0
    outer loop
      vertex -59.6666 -18.3082 6
      vertex -59.8317 -18.3327 0
      vertex -59.6666 -18.3082 0
    endloop
  endfacet
  facet normal -0.741024 -0.671478 0
    outer loop
      vertex -58.1859 -18.9215 0
      vertex -58.2979 -18.7979 6
      vertex -58.2979 -18.7979 0
    endloop
  endfacet
  facet normal -0.741024 -0.671478 0
    outer loop
      vertex -58.2979 -18.7979 6
      vertex -58.1859 -18.9215 0
      vertex -58.1859 -18.9215 6
    endloop
  endfacet
  facet normal -0.671478 0.741024 0
    outer loop
      vertex -58.2979 -21.2021 0
      vertex -58.4215 -21.3141 6
      vertex -58.2979 -21.2021 6
    endloop
  endfacet
  facet normal -0.671478 0.741024 0
    outer loop
      vertex -58.4215 -21.3141 6
      vertex -58.2979 -21.2021 0
      vertex -58.4215 -21.3141 0
    endloop
  endfacet
  facet normal -0.998791 0.0491602 0
    outer loop
      vertex -57.8082 -20.1666 0
      vertex -57.8 -20 6
      vertex -57.8 -20 0
    endloop
  endfacet
  facet normal -0.998791 0.0491602 0
    outer loop
      vertex -57.8 -20 6
      vertex -57.8082 -20.1666 0
      vertex -57.8082 -20.1666 6
    endloop
  endfacet
  facet normal 0.671478 0.741024 -0
    outer loop
      vertex -60.5785 -21.3141 0
      vertex -60.7021 -21.2021 6
      vertex -60.5785 -21.3141 6
    endloop
  endfacet
  facet normal 0.671478 0.741024 0
    outer loop
      vertex -60.7021 -21.2021 6
      vertex -60.5785 -21.3141 0
      vertex -60.7021 -21.2021 0
    endloop
  endfacet
  facet normal 0.941566 -0.33683 0
    outer loop
      vertex -61.1268 -19.5065 6
      vertex -61.0706 -19.3494 0
      vertex -61.0706 -19.3494 6
    endloop
  endfacet
  facet normal 0.941566 -0.33683 0
    outer loop
      vertex -61.0706 -19.3494 0
      vertex -61.1268 -19.5065 6
      vertex -61.1268 -19.5065 0
    endloop
  endfacet
  facet normal 0.904043 -0.427442 0
    outer loop
      vertex -61.0706 -19.3494 6
      vertex -60.9993 -19.1986 0
      vertex -60.9993 -19.1986 6
    endloop
  endfacet
  facet normal 0.904043 -0.427442 0
    outer loop
      vertex -60.9993 -19.1986 0
      vertex -61.0706 -19.3494 6
      vertex -61.0706 -19.3494 0
    endloop
  endfacet
  facet normal -0.0491602 0.998791 0
    outer loop
      vertex -59.3334 -21.6918 0
      vertex -59.5 -21.7 6
      vertex -59.3334 -21.6918 6
    endloop
  endfacet
  facet normal -0.0491602 0.998791 0
    outer loop
      vertex -59.5 -21.7 6
      vertex -59.3334 -21.6918 0
      vertex -59.5 -21.7 0
    endloop
  endfacet
  facet normal -0.146788 0.989168 0
    outer loop
      vertex -59.1683 -21.6673 0
      vertex -59.3334 -21.6918 6
      vertex -59.1683 -21.6673 6
    endloop
  endfacet
  facet normal -0.146788 0.989168 0
    outer loop
      vertex -59.3334 -21.6918 6
      vertex -59.1683 -21.6673 0
      vertex -59.3334 -21.6918 0
    endloop
  endfacet
  facet normal -0.803154 0.595772 0
    outer loop
      vertex -58.1859 -21.0785 0
      vertex -58.0865 -20.9445 6
      vertex -58.0865 -20.9445 0
    endloop
  endfacet
  facet normal -0.803154 0.595772 0
    outer loop
      vertex -58.0865 -20.9445 6
      vertex -58.1859 -21.0785 0
      vertex -58.1859 -21.0785 6
    endloop
  endfacet
  facet normal -0.857652 0.514231 0
    outer loop
      vertex -58.0865 -20.9445 0
      vertex -58.0007 -20.8014 6
      vertex -58.0007 -20.8014 0
    endloop
  endfacet
  facet normal -0.857652 0.514231 0
    outer loop
      vertex -58.0007 -20.8014 6
      vertex -58.0865 -20.9445 0
      vertex -58.0865 -20.9445 6
    endloop
  endfacet
  facet normal -0.33683 0.941566 0
    outer loop
      vertex -58.8494 -21.5706 0
      vertex -59.0065 -21.6268 6
      vertex -58.8494 -21.5706 6
    endloop
  endfacet
  facet normal -0.33683 0.941566 0
    outer loop
      vertex -59.0065 -21.6268 6
      vertex -58.8494 -21.5706 0
      vertex -59.0065 -21.6268 0
    endloop
  endfacet
  facet normal 0.514231 -0.857652 0
    outer loop
      vertex -60.4445 -18.5865 0
      vertex -60.3014 -18.5007 6
      vertex -60.4445 -18.5865 6
    endloop
  endfacet
  facet normal 0.514231 -0.857652 0
    outer loop
      vertex -60.3014 -18.5007 6
      vertex -60.4445 -18.5865 0
      vertex -60.3014 -18.5007 0
    endloop
  endfacet
  facet normal -0.0491602 -0.998791 0
    outer loop
      vertex -59.5 -18.3 0
      vertex -59.3334 -18.3082 6
      vertex -59.5 -18.3 6
    endloop
  endfacet
  facet normal -0.0491602 -0.998791 -0
    outer loop
      vertex -59.3334 -18.3082 6
      vertex -59.5 -18.3 0
      vertex -59.3334 -18.3082 0
    endloop
  endfacet
  facet normal 0.857652 -0.514231 0
    outer loop
      vertex -60.9993 -19.1986 6
      vertex -60.9135 -19.0555 0
      vertex -60.9135 -19.0555 6
    endloop
  endfacet
  facet normal 0.857652 -0.514231 0
    outer loop
      vertex -60.9135 -19.0555 0
      vertex -60.9993 -19.1986 6
      vertex -60.9993 -19.1986 0
    endloop
  endfacet
  facet normal 0.989168 -0.146788 0
    outer loop
      vertex -61.1918 -19.8334 6
      vertex -61.1673 -19.6683 0
      vertex -61.1673 -19.6683 6
    endloop
  endfacet
  facet normal 0.989168 -0.146788 0
    outer loop
      vertex -61.1673 -19.6683 0
      vertex -61.1918 -19.8334 6
      vertex -61.1918 -19.8334 0
    endloop
  endfacet
  facet normal -0.904043 -0.427442 0
    outer loop
      vertex -57.9294 -19.3494 0
      vertex -58.0007 -19.1986 6
      vertex -58.0007 -19.1986 0
    endloop
  endfacet
  facet normal -0.904043 -0.427442 0
    outer loop
      vertex -58.0007 -19.1986 6
      vertex -57.9294 -19.3494 0
      vertex -57.9294 -19.3494 6
    endloop
  endfacet
  facet normal -0.857652 -0.514231 0
    outer loop
      vertex -58.0007 -19.1986 0
      vertex -58.0865 -19.0555 6
      vertex -58.0865 -19.0555 0
    endloop
  endfacet
  facet normal -0.857652 -0.514231 0
    outer loop
      vertex -58.0865 -19.0555 6
      vertex -58.0007 -19.1986 0
      vertex -58.0007 -19.1986 6
    endloop
  endfacet
  facet normal 0.803154 -0.595772 0
    outer loop
      vertex -60.9135 -19.0555 6
      vertex -60.8141 -18.9215 0
      vertex -60.8141 -18.9215 6
    endloop
  endfacet
  facet normal 0.803154 -0.595772 0
    outer loop
      vertex -60.8141 -18.9215 0
      vertex -60.9135 -19.0555 6
      vertex -60.9135 -19.0555 0
    endloop
  endfacet
  facet normal 0.671478 -0.741024 0
    outer loop
      vertex -60.7021 -18.7979 0
      vertex -60.5785 -18.6859 6
      vertex -60.7021 -18.7979 6
    endloop
  endfacet
  facet normal 0.671478 -0.741024 0
    outer loop
      vertex -60.5785 -18.6859 6
      vertex -60.7021 -18.7979 0
      vertex -60.5785 -18.6859 0
    endloop
  endfacet
  facet normal 0.242818 0.970072 -0
    outer loop
      vertex -59.8317 -21.6673 0
      vertex -59.9935 -21.6268 6
      vertex -59.8317 -21.6673 6
    endloop
  endfacet
  facet normal 0.242818 0.970072 0
    outer loop
      vertex -59.9935 -21.6268 6
      vertex -59.8317 -21.6673 0
      vertex -59.9935 -21.6268 0
    endloop
  endfacet
  facet normal -0.242818 -0.970072 0
    outer loop
      vertex -59.1683 -18.3327 0
      vertex -59.0065 -18.3732 6
      vertex -59.1683 -18.3327 6
    endloop
  endfacet
  facet normal -0.242818 -0.970072 -0
    outer loop
      vertex -59.0065 -18.3732 6
      vertex -59.1683 -18.3327 0
      vertex -59.0065 -18.3732 0
    endloop
  endfacet
  facet normal 0.989168 0.146788 0
    outer loop
      vertex -61.1673 -20.3317 6
      vertex -61.1918 -20.1666 0
      vertex -61.1918 -20.1666 6
    endloop
  endfacet
  facet normal 0.989168 0.146788 0
    outer loop
      vertex -61.1918 -20.1666 0
      vertex -61.1673 -20.3317 6
      vertex -61.1673 -20.3317 0
    endloop
  endfacet
  facet normal 0.941566 0.33683 0
    outer loop
      vertex -61.0706 -20.6506 6
      vertex -61.1268 -20.4935 0
      vertex -61.1268 -20.4935 6
    endloop
  endfacet
  facet normal 0.941566 0.33683 0
    outer loop
      vertex -61.1268 -20.4935 0
      vertex -61.0706 -20.6506 6
      vertex -61.0706 -20.6506 0
    endloop
  endfacet
  facet normal 0.33683 0.941566 -0
    outer loop
      vertex -59.9935 -21.6268 0
      vertex -60.1506 -21.5706 6
      vertex -59.9935 -21.6268 6
    endloop
  endfacet
  facet normal 0.33683 0.941566 0
    outer loop
      vertex -60.1506 -21.5706 6
      vertex -59.9935 -21.6268 0
      vertex -60.1506 -21.5706 0
    endloop
  endfacet
  facet normal -0.741024 0.671478 0
    outer loop
      vertex -58.2979 -21.2021 0
      vertex -58.1859 -21.0785 6
      vertex -58.1859 -21.0785 0
    endloop
  endfacet
  facet normal -0.741024 0.671478 0
    outer loop
      vertex -58.1859 -21.0785 6
      vertex -58.2979 -21.2021 0
      vertex -58.2979 -21.2021 6
    endloop
  endfacet
  facet normal -0.904043 0.427442 0
    outer loop
      vertex -58.0007 -20.8014 0
      vertex -57.9294 -20.6506 6
      vertex -57.9294 -20.6506 0
    endloop
  endfacet
  facet normal -0.904043 0.427442 0
    outer loop
      vertex -57.9294 -20.6506 6
      vertex -58.0007 -20.8014 0
      vertex -58.0007 -20.8014 6
    endloop
  endfacet
  facet normal 0.595772 0.803154 -0
    outer loop
      vertex -60.4445 -21.4135 0
      vertex -60.5785 -21.3141 6
      vertex -60.4445 -21.4135 6
    endloop
  endfacet
  facet normal 0.595772 0.803154 0
    outer loop
      vertex -60.5785 -21.3141 6
      vertex -60.4445 -21.4135 0
      vertex -60.5785 -21.3141 0
    endloop
  endfacet
  facet normal 0.904043 0.427442 0
    outer loop
      vertex -60.9993 -20.8014 6
      vertex -61.0706 -20.6506 0
      vertex -61.0706 -20.6506 6
    endloop
  endfacet
  facet normal 0.904043 0.427442 0
    outer loop
      vertex -61.0706 -20.6506 0
      vertex -60.9993 -20.8014 6
      vertex -60.9993 -20.8014 0
    endloop
  endfacet
  facet normal 0.427442 -0.904043 0
    outer loop
      vertex -60.3014 -18.5007 0
      vertex -60.1506 -18.4294 6
      vertex -60.3014 -18.5007 6
    endloop
  endfacet
  facet normal 0.427442 -0.904043 0
    outer loop
      vertex -60.1506 -18.4294 6
      vertex -60.3014 -18.5007 0
      vertex -60.1506 -18.4294 0
    endloop
  endfacet
  facet normal 0.427442 0.904043 -0
    outer loop
      vertex -60.1506 -21.5706 0
      vertex -60.3014 -21.4993 6
      vertex -60.1506 -21.5706 6
    endloop
  endfacet
  facet normal 0.427442 0.904043 0
    outer loop
      vertex -60.3014 -21.4993 6
      vertex -60.1506 -21.5706 0
      vertex -60.3014 -21.4993 0
    endloop
  endfacet
  facet normal 0.146788 0.989168 -0
    outer loop
      vertex -59.6666 -21.6918 0
      vertex -59.8317 -21.6673 6
      vertex -59.6666 -21.6918 6
    endloop
  endfacet
  facet normal 0.146788 0.989168 0
    outer loop
      vertex -59.8317 -21.6673 6
      vertex -59.6666 -21.6918 0
      vertex -59.8317 -21.6673 0
    endloop
  endfacet
  facet normal 0.514231 0.857652 -0
    outer loop
      vertex -60.3014 -21.4993 0
      vertex -60.4445 -21.4135 6
      vertex -60.3014 -21.4993 6
    endloop
  endfacet
  facet normal 0.514231 0.857652 0
    outer loop
      vertex -60.4445 -21.4135 6
      vertex -60.3014 -21.4993 0
      vertex -60.4445 -21.4135 0
    endloop
  endfacet
  facet normal 0.904043 -0.427442 0
    outer loop
      vertex -61.0706 20.6506 6
      vertex -60.9993 20.8014 0
      vertex -60.9993 20.8014 6
    endloop
  endfacet
  facet normal 0.904043 -0.427442 0
    outer loop
      vertex -60.9993 20.8014 0
      vertex -61.0706 20.6506 6
      vertex -61.0706 20.6506 0
    endloop
  endfacet
  facet normal -0.989168 -0.146788 0
    outer loop
      vertex -57.8082 20.1666 0
      vertex -57.8327 20.3317 6
      vertex -57.8327 20.3317 0
    endloop
  endfacet
  facet normal -0.989168 -0.146788 0
    outer loop
      vertex -57.8327 20.3317 6
      vertex -57.8082 20.1666 0
      vertex -57.8082 20.1666 6
    endloop
  endfacet
  facet normal -0.998791 -0.0491602 0
    outer loop
      vertex -57.8 20 0
      vertex -57.8082 20.1666 6
      vertex -57.8082 20.1666 0
    endloop
  endfacet
  facet normal -0.998791 -0.0491602 0
    outer loop
      vertex -57.8082 20.1666 6
      vertex -57.8 20 0
      vertex -57.8 20 6
    endloop
  endfacet
  facet normal -0.970072 -0.242818 0
    outer loop
      vertex -57.8327 20.3317 0
      vertex -57.8732 20.4935 6
      vertex -57.8732 20.4935 0
    endloop
  endfacet
  facet normal -0.970072 -0.242818 0
    outer loop
      vertex -57.8732 20.4935 6
      vertex -57.8327 20.3317 0
      vertex -57.8327 20.3317 6
    endloop
  endfacet
  facet normal -0.146788 -0.989168 0
    outer loop
      vertex -59.3334 21.6918 0
      vertex -59.1683 21.6673 6
      vertex -59.3334 21.6918 6
    endloop
  endfacet
  facet normal -0.146788 -0.989168 -0
    outer loop
      vertex -59.1683 21.6673 6
      vertex -59.3334 21.6918 0
      vertex -59.1683 21.6673 0
    endloop
  endfacet
  facet normal 0.146788 -0.989168 0
    outer loop
      vertex -59.8317 21.6673 0
      vertex -59.6666 21.6918 6
      vertex -59.8317 21.6673 6
    endloop
  endfacet
  facet normal 0.146788 -0.989168 0
    outer loop
      vertex -59.6666 21.6918 6
      vertex -59.8317 21.6673 0
      vertex -59.6666 21.6918 0
    endloop
  endfacet
  facet normal -0.803154 -0.595772 0
    outer loop
      vertex -58.0865 20.9445 0
      vertex -58.1859 21.0785 6
      vertex -58.1859 21.0785 0
    endloop
  endfacet
  facet normal -0.803154 -0.595772 0
    outer loop
      vertex -58.1859 21.0785 6
      vertex -58.0865 20.9445 0
      vertex -58.0865 20.9445 6
    endloop
  endfacet
  facet normal -0.514231 0.857652 0
    outer loop
      vertex -58.5555 18.5865 0
      vertex -58.6986 18.5007 6
      vertex -58.5555 18.5865 6
    endloop
  endfacet
  facet normal -0.514231 0.857652 0
    outer loop
      vertex -58.6986 18.5007 6
      vertex -58.5555 18.5865 0
      vertex -58.6986 18.5007 0
    endloop
  endfacet
  facet normal -0.595772 -0.803154 0
    outer loop
      vertex -58.5555 21.4135 0
      vertex -58.4215 21.3141 6
      vertex -58.5555 21.4135 6
    endloop
  endfacet
  facet normal -0.595772 -0.803154 -0
    outer loop
      vertex -58.4215 21.3141 6
      vertex -58.5555 21.4135 0
      vertex -58.4215 21.3141 0
    endloop
  endfacet
  facet normal -0.998791 0.0491602 0
    outer loop
      vertex -57.8082 19.8334 0
      vertex -57.8 20 6
      vertex -57.8 20 0
    endloop
  endfacet
  facet normal -0.998791 0.0491602 0
    outer loop
      vertex -57.8 20 6
      vertex -57.8082 19.8334 0
      vertex -57.8082 19.8334 6
    endloop
  endfacet
  facet normal 0.242818 -0.970072 0
    outer loop
      vertex -59.9935 21.6268 0
      vertex -59.8317 21.6673 6
      vertex -59.9935 21.6268 6
    endloop
  endfacet
  facet normal 0.242818 -0.970072 0
    outer loop
      vertex -59.8317 21.6673 6
      vertex -59.9935 21.6268 0
      vertex -59.8317 21.6673 0
    endloop
  endfacet
  facet normal 0.803154 -0.595772 0
    outer loop
      vertex -60.9135 20.9445 6
      vertex -60.8141 21.0785 0
      vertex -60.8141 21.0785 6
    endloop
  endfacet
  facet normal 0.803154 -0.595772 0
    outer loop
      vertex -60.8141 21.0785 0
      vertex -60.9135 20.9445 6
      vertex -60.9135 20.9445 0
    endloop
  endfacet
  facet normal 0.427442 0.904043 -0
    outer loop
      vertex -60.1506 18.4294 0
      vertex -60.3014 18.5007 6
      vertex -60.1506 18.4294 6
    endloop
  endfacet
  facet normal 0.427442 0.904043 0
    outer loop
      vertex -60.3014 18.5007 6
      vertex -60.1506 18.4294 0
      vertex -60.3014 18.5007 0
    endloop
  endfacet
  facet normal -0.427442 -0.904043 0
    outer loop
      vertex -58.8494 21.5706 0
      vertex -58.6986 21.4993 6
      vertex -58.8494 21.5706 6
    endloop
  endfacet
  facet normal -0.427442 -0.904043 -0
    outer loop
      vertex -58.6986 21.4993 6
      vertex -58.8494 21.5706 0
      vertex -58.6986 21.4993 0
    endloop
  endfacet
  facet normal 0.989168 0.146788 0
    outer loop
      vertex -61.1673 19.6683 6
      vertex -61.1918 19.8334 0
      vertex -61.1918 19.8334 6
    endloop
  endfacet
  facet normal 0.989168 0.146788 0
    outer loop
      vertex -61.1918 19.8334 0
      vertex -61.1673 19.6683 6
      vertex -61.1673 19.6683 0
    endloop
  endfacet
  facet normal -0.671478 0.741024 0
    outer loop
      vertex -58.2979 18.7979 0
      vertex -58.4215 18.6859 6
      vertex -58.2979 18.7979 6
    endloop
  endfacet
  facet normal -0.671478 0.741024 0
    outer loop
      vertex -58.4215 18.6859 6
      vertex -58.2979 18.7979 0
      vertex -58.4215 18.6859 0
    endloop
  endfacet
  facet normal 0.427442 -0.904043 0
    outer loop
      vertex -60.3014 21.4993 0
      vertex -60.1506 21.5706 6
      vertex -60.3014 21.4993 6
    endloop
  endfacet
  facet normal 0.427442 -0.904043 0
    outer loop
      vertex -60.1506 21.5706 6
      vertex -60.3014 21.4993 0
      vertex -60.1506 21.5706 0
    endloop
  endfacet
  facet normal -0.970072 0.242818 0
    outer loop
      vertex -57.8732 19.5065 0
      vertex -57.8327 19.6683 6
      vertex -57.8327 19.6683 0
    endloop
  endfacet
  facet normal -0.970072 0.242818 0
    outer loop
      vertex -57.8327 19.6683 6
      vertex -57.8732 19.5065 0
      vertex -57.8732 19.5065 6
    endloop
  endfacet
  facet normal -0.242818 0.970072 0
    outer loop
      vertex -59.0065 18.3732 0
      vertex -59.1683 18.3327 6
      vertex -59.0065 18.3732 6
    endloop
  endfacet
  facet normal -0.242818 0.970072 0
    outer loop
      vertex -59.1683 18.3327 6
      vertex -59.0065 18.3732 0
      vertex -59.1683 18.3327 0
    endloop
  endfacet
  facet normal 0.989168 -0.146788 0
    outer loop
      vertex -61.1918 20.1666 6
      vertex -61.1673 20.3317 0
      vertex -61.1673 20.3317 6
    endloop
  endfacet
  facet normal 0.989168 -0.146788 0
    outer loop
      vertex -61.1673 20.3317 0
      vertex -61.1918 20.1666 6
      vertex -61.1918 20.1666 0
    endloop
  endfacet
  facet normal -0.941566 -0.33683 0
    outer loop
      vertex -57.8732 20.4935 0
      vertex -57.9294 20.6506 6
      vertex -57.9294 20.6506 0
    endloop
  endfacet
  facet normal -0.941566 -0.33683 0
    outer loop
      vertex -57.9294 20.6506 6
      vertex -57.8732 20.4935 0
      vertex -57.8732 20.4935 6
    endloop
  endfacet
  facet normal 0.514231 0.857652 -0
    outer loop
      vertex -60.3014 18.5007 0
      vertex -60.4445 18.5865 6
      vertex -60.3014 18.5007 6
    endloop
  endfacet
  facet normal 0.514231 0.857652 0
    outer loop
      vertex -60.4445 18.5865 6
      vertex -60.3014 18.5007 0
      vertex -60.4445 18.5865 0
    endloop
  endfacet
  facet normal 0.970072 -0.242818 0
    outer loop
      vertex -61.1673 20.3317 6
      vertex -61.1268 20.4935 0
      vertex -61.1268 20.4935 6
    endloop
  endfacet
  facet normal 0.970072 -0.242818 0
    outer loop
      vertex -61.1268 20.4935 0
      vertex -61.1673 20.3317 6
      vertex -61.1673 20.3317 0
    endloop
  endfacet
  facet normal -0.803154 0.595772 0
    outer loop
      vertex -58.1859 18.9215 0
      vertex -58.0865 19.0555 6
      vertex -58.0865 19.0555 0
    endloop
  endfacet
  facet normal -0.803154 0.595772 0
    outer loop
      vertex -58.0865 19.0555 6
      vertex -58.1859 18.9215 0
      vertex -58.1859 18.9215 6
    endloop
  endfacet
  facet normal 0.595772 0.803154 -0
    outer loop
      vertex -60.4445 18.5865 0
      vertex -60.5785 18.6859 6
      vertex -60.4445 18.5865 6
    endloop
  endfacet
  facet normal 0.595772 0.803154 0
    outer loop
      vertex -60.5785 18.6859 6
      vertex -60.4445 18.5865 0
      vertex -60.5785 18.6859 0
    endloop
  endfacet
  facet normal 0.33683 0.941566 -0
    outer loop
      vertex -59.9935 18.3732 0
      vertex -60.1506 18.4294 6
      vertex -59.9935 18.3732 6
    endloop
  endfacet
  facet normal 0.33683 0.941566 0
    outer loop
      vertex -60.1506 18.4294 6
      vertex -59.9935 18.3732 0
      vertex -60.1506 18.4294 0
    endloop
  endfacet
  facet normal -0.33683 -0.941566 0
    outer loop
      vertex -59.0065 21.6268 0
      vertex -58.8494 21.5706 6
      vertex -59.0065 21.6268 6
    endloop
  endfacet
  facet normal -0.33683 -0.941566 -0
    outer loop
      vertex -58.8494 21.5706 6
      vertex -59.0065 21.6268 0
      vertex -58.8494 21.5706 0
    endloop
  endfacet
  facet normal 0.741024 0.671478 0
    outer loop
      vertex -60.7021 18.7979 6
      vertex -60.8141 18.9215 0
      vertex -60.8141 18.9215 6
    endloop
  endfacet
  facet normal 0.741024 0.671478 0
    outer loop
      vertex -60.8141 18.9215 0
      vertex -60.7021 18.7979 6
      vertex -60.7021 18.7979 0
    endloop
  endfacet
  facet normal -0.514231 -0.857652 0
    outer loop
      vertex -58.6986 21.4993 0
      vertex -58.5555 21.4135 6
      vertex -58.6986 21.4993 6
    endloop
  endfacet
  facet normal -0.514231 -0.857652 -0
    outer loop
      vertex -58.5555 21.4135 6
      vertex -58.6986 21.4993 0
      vertex -58.5555 21.4135 0
    endloop
  endfacet
  facet normal 0.33683 -0.941566 0
    outer loop
      vertex -60.1506 21.5706 0
      vertex -59.9935 21.6268 6
      vertex -60.1506 21.5706 6
    endloop
  endfacet
  facet normal 0.33683 -0.941566 0
    outer loop
      vertex -59.9935 21.6268 6
      vertex -60.1506 21.5706 0
      vertex -59.9935 21.6268 0
    endloop
  endfacet
  facet normal 0.904043 0.427442 0
    outer loop
      vertex -60.9993 19.1986 6
      vertex -61.0706 19.3494 0
      vertex -61.0706 19.3494 6
    endloop
  endfacet
  facet normal 0.904043 0.427442 0
    outer loop
      vertex -61.0706 19.3494 0
      vertex -60.9993 19.1986 6
      vertex -60.9993 19.1986 0
    endloop
  endfacet
  facet normal 0.941566 0.33683 0
    outer loop
      vertex -61.0706 19.3494 6
      vertex -61.1268 19.5065 0
      vertex -61.1268 19.5065 6
    endloop
  endfacet
  facet normal 0.941566 0.33683 0
    outer loop
      vertex -61.1268 19.5065 0
      vertex -61.0706 19.3494 6
      vertex -61.0706 19.3494 0
    endloop
  endfacet
  facet normal -0.904043 -0.427442 0
    outer loop
      vertex -57.9294 20.6506 0
      vertex -58.0007 20.8014 6
      vertex -58.0007 20.8014 0
    endloop
  endfacet
  facet normal -0.904043 -0.427442 0
    outer loop
      vertex -58.0007 20.8014 6
      vertex -57.9294 20.6506 0
      vertex -57.9294 20.6506 6
    endloop
  endfacet
  facet normal 0.970072 0.242818 0
    outer loop
      vertex -61.1268 19.5065 6
      vertex -61.1673 19.6683 0
      vertex -61.1673 19.6683 6
    endloop
  endfacet
  facet normal 0.970072 0.242818 0
    outer loop
      vertex -61.1673 19.6683 0
      vertex -61.1268 19.5065 6
      vertex -61.1268 19.5065 0
    endloop
  endfacet
  facet normal 0.595772 -0.803154 0
    outer loop
      vertex -60.5785 21.3141 0
      vertex -60.4445 21.4135 6
      vertex -60.5785 21.3141 6
    endloop
  endfacet
  facet normal 0.595772 -0.803154 0
    outer loop
      vertex -60.4445 21.4135 6
      vertex -60.5785 21.3141 0
      vertex -60.4445 21.4135 0
    endloop
  endfacet
  facet normal 0.671478 0.741024 -0
    outer loop
      vertex -60.5785 18.6859 0
      vertex -60.7021 18.7979 6
      vertex -60.5785 18.6859 6
    endloop
  endfacet
  facet normal 0.671478 0.741024 0
    outer loop
      vertex -60.7021 18.7979 6
      vertex -60.5785 18.6859 0
      vertex -60.7021 18.7979 0
    endloop
  endfacet
  facet normal 0.146788 0.989168 -0
    outer loop
      vertex -59.6666 18.3082 0
      vertex -59.8317 18.3327 6
      vertex -59.6666 18.3082 6
    endloop
  endfacet
  facet normal 0.146788 0.989168 0
    outer loop
      vertex -59.8317 18.3327 6
      vertex -59.6666 18.3082 0
      vertex -59.8317 18.3327 0
    endloop
  endfacet
  facet normal -0.741024 0.671478 0
    outer loop
      vertex -58.2979 18.7979 0
      vertex -58.1859 18.9215 6
      vertex -58.1859 18.9215 0
    endloop
  endfacet
  facet normal -0.741024 0.671478 0
    outer loop
      vertex -58.1859 18.9215 6
      vertex -58.2979 18.7979 0
      vertex -58.2979 18.7979 6
    endloop
  endfacet
  facet normal -0.146788 0.989168 0
    outer loop
      vertex -59.1683 18.3327 0
      vertex -59.3334 18.3082 6
      vertex -59.1683 18.3327 6
    endloop
  endfacet
  facet normal -0.146788 0.989168 0
    outer loop
      vertex -59.3334 18.3082 6
      vertex -59.1683 18.3327 0
      vertex -59.3334 18.3082 0
    endloop
  endfacet
  facet normal 0.514231 -0.857652 0
    outer loop
      vertex -60.4445 21.4135 0
      vertex -60.3014 21.4993 6
      vertex -60.4445 21.4135 6
    endloop
  endfacet
  facet normal 0.514231 -0.857652 0
    outer loop
      vertex -60.3014 21.4993 6
      vertex -60.4445 21.4135 0
      vertex -60.3014 21.4993 0
    endloop
  endfacet
  facet normal -0.0491602 -0.998791 0
    outer loop
      vertex -59.5 21.7 0
      vertex -59.3334 21.6918 6
      vertex -59.5 21.7 6
    endloop
  endfacet
  facet normal -0.0491602 -0.998791 -0
    outer loop
      vertex -59.3334 21.6918 6
      vertex -59.5 21.7 0
      vertex -59.3334 21.6918 0
    endloop
  endfacet
  facet normal -0.242818 -0.970072 0
    outer loop
      vertex -59.1683 21.6673 0
      vertex -59.0065 21.6268 6
      vertex -59.1683 21.6673 6
    endloop
  endfacet
  facet normal -0.242818 -0.970072 -0
    outer loop
      vertex -59.0065 21.6268 6
      vertex -59.1683 21.6673 0
      vertex -59.0065 21.6268 0
    endloop
  endfacet
  facet normal 0.941566 -0.33683 0
    outer loop
      vertex -61.1268 20.4935 6
      vertex -61.0706 20.6506 0
      vertex -61.0706 20.6506 6
    endloop
  endfacet
  facet normal 0.941566 -0.33683 0
    outer loop
      vertex -61.0706 20.6506 0
      vertex -61.1268 20.4935 6
      vertex -61.1268 20.4935 0
    endloop
  endfacet
  facet normal -0.671478 -0.741024 0
    outer loop
      vertex -58.4215 21.3141 0
      vertex -58.2979 21.2021 6
      vertex -58.4215 21.3141 6
    endloop
  endfacet
  facet normal -0.671478 -0.741024 -0
    outer loop
      vertex -58.2979 21.2021 6
      vertex -58.4215 21.3141 0
      vertex -58.2979 21.2021 0
    endloop
  endfacet
  facet normal 0.0491602 -0.998791 0
    outer loop
      vertex -59.6666 21.6918 0
      vertex -59.5 21.7 6
      vertex -59.6666 21.6918 6
    endloop
  endfacet
  facet normal 0.0491602 -0.998791 0
    outer loop
      vertex -59.5 21.7 6
      vertex -59.6666 21.6918 0
      vertex -59.5 21.7 0
    endloop
  endfacet
  facet normal -0.427442 0.904043 0
    outer loop
      vertex -58.6986 18.5007 0
      vertex -58.8494 18.4294 6
      vertex -58.6986 18.5007 6
    endloop
  endfacet
  facet normal -0.427442 0.904043 0
    outer loop
      vertex -58.8494 18.4294 6
      vertex -58.6986 18.5007 0
      vertex -58.8494 18.4294 0
    endloop
  endfacet
  facet normal -0.989168 0.146788 0
    outer loop
      vertex -57.8327 19.6683 0
      vertex -57.8082 19.8334 6
      vertex -57.8082 19.8334 0
    endloop
  endfacet
  facet normal -0.989168 0.146788 0
    outer loop
      vertex -57.8082 19.8334 6
      vertex -57.8327 19.6683 0
      vertex -57.8327 19.6683 6
    endloop
  endfacet
  facet normal -0.857652 -0.514231 0
    outer loop
      vertex -58.0007 20.8014 0
      vertex -58.0865 20.9445 6
      vertex -58.0865 20.9445 0
    endloop
  endfacet
  facet normal -0.857652 -0.514231 0
    outer loop
      vertex -58.0865 20.9445 6
      vertex -58.0007 20.8014 0
      vertex -58.0007 20.8014 6
    endloop
  endfacet
  facet normal 0.0491602 0.998791 -0
    outer loop
      vertex -59.5 18.3 0
      vertex -59.6666 18.3082 6
      vertex -59.5 18.3 6
    endloop
  endfacet
  facet normal 0.0491602 0.998791 0
    outer loop
      vertex -59.6666 18.3082 6
      vertex -59.5 18.3 0
      vertex -59.6666 18.3082 0
    endloop
  endfacet
  facet normal 0.671478 -0.741024 0
    outer loop
      vertex -60.7021 21.2021 0
      vertex -60.5785 21.3141 6
      vertex -60.7021 21.2021 6
    endloop
  endfacet
  facet normal 0.671478 -0.741024 0
    outer loop
      vertex -60.5785 21.3141 6
      vertex -60.7021 21.2021 0
      vertex -60.5785 21.3141 0
    endloop
  endfacet
  facet normal 0.741024 -0.671478 0
    outer loop
      vertex -60.8141 21.0785 6
      vertex -60.7021 21.2021 0
      vertex -60.7021 21.2021 6
    endloop
  endfacet
  facet normal 0.741024 -0.671478 0
    outer loop
      vertex -60.7021 21.2021 0
      vertex -60.8141 21.0785 6
      vertex -60.8141 21.0785 0
    endloop
  endfacet
  facet normal -0.904043 0.427442 0
    outer loop
      vertex -58.0007 19.1986 0
      vertex -57.9294 19.3494 6
      vertex -57.9294 19.3494 0
    endloop
  endfacet
  facet normal -0.904043 0.427442 0
    outer loop
      vertex -57.9294 19.3494 6
      vertex -58.0007 19.1986 0
      vertex -58.0007 19.1986 6
    endloop
  endfacet
  facet normal -0.0491602 0.998791 0
    outer loop
      vertex -59.3334 18.3082 0
      vertex -59.5 18.3 6
      vertex -59.3334 18.3082 6
    endloop
  endfacet
  facet normal -0.0491602 0.998791 0
    outer loop
      vertex -59.5 18.3 6
      vertex -59.3334 18.3082 0
      vertex -59.5 18.3 0
    endloop
  endfacet
  facet normal -0.941566 0.33683 0
    outer loop
      vertex -57.9294 19.3494 0
      vertex -57.8732 19.5065 6
      vertex -57.8732 19.5065 0
    endloop
  endfacet
  facet normal -0.941566 0.33683 0
    outer loop
      vertex -57.8732 19.5065 6
      vertex -57.9294 19.3494 0
      vertex -57.9294 19.3494 6
    endloop
  endfacet
  facet normal -0.741024 -0.671478 0
    outer loop
      vertex -58.1859 21.0785 0
      vertex -58.2979 21.2021 6
      vertex -58.2979 21.2021 0
    endloop
  endfacet
  facet normal -0.741024 -0.671478 0
    outer loop
      vertex -58.2979 21.2021 6
      vertex -58.1859 21.0785 0
      vertex -58.1859 21.0785 6
    endloop
  endfacet
  facet normal 0.242818 0.970072 -0
    outer loop
      vertex -59.8317 18.3327 0
      vertex -59.9935 18.3732 6
      vertex -59.8317 18.3327 6
    endloop
  endfacet
  facet normal 0.242818 0.970072 0
    outer loop
      vertex -59.9935 18.3732 6
      vertex -59.8317 18.3327 0
      vertex -59.9935 18.3732 0
    endloop
  endfacet
  facet normal -0.595772 0.803154 0
    outer loop
      vertex -58.4215 18.6859 0
      vertex -58.5555 18.5865 6
      vertex -58.4215 18.6859 6
    endloop
  endfacet
  facet normal -0.595772 0.803154 0
    outer loop
      vertex -58.5555 18.5865 6
      vertex -58.4215 18.6859 0
      vertex -58.5555 18.5865 0
    endloop
  endfacet
  facet normal -0.857652 0.514231 0
    outer loop
      vertex -58.0865 19.0555 0
      vertex -58.0007 19.1986 6
      vertex -58.0007 19.1986 0
    endloop
  endfacet
  facet normal -0.857652 0.514231 0
    outer loop
      vertex -58.0007 19.1986 6
      vertex -58.0865 19.0555 0
      vertex -58.0865 19.0555 6
    endloop
  endfacet
  facet normal 0.803154 0.595772 0
    outer loop
      vertex -60.8141 18.9215 6
      vertex -60.9135 19.0555 0
      vertex -60.9135 19.0555 6
    endloop
  endfacet
  facet normal 0.803154 0.595772 0
    outer loop
      vertex -60.9135 19.0555 0
      vertex -60.8141 18.9215 6
      vertex -60.8141 18.9215 0
    endloop
  endfacet
  facet normal 0.857652 -0.514231 0
    outer loop
      vertex -60.9993 20.8014 6
      vertex -60.9135 20.9445 0
      vertex -60.9135 20.9445 6
    endloop
  endfacet
  facet normal 0.857652 -0.514231 0
    outer loop
      vertex -60.9135 20.9445 0
      vertex -60.9993 20.8014 6
      vertex -60.9993 20.8014 0
    endloop
  endfacet
  facet normal -0.33683 0.941566 0
    outer loop
      vertex -58.8494 18.4294 0
      vertex -59.0065 18.3732 6
      vertex -58.8494 18.4294 6
    endloop
  endfacet
  facet normal -0.33683 0.941566 0
    outer loop
      vertex -59.0065 18.3732 6
      vertex -58.8494 18.4294 0
      vertex -59.0065 18.3732 0
    endloop
  endfacet
  facet normal 0.857652 0.514231 0
    outer loop
      vertex -60.9135 19.0555 6
      vertex -60.9993 19.1986 0
      vertex -60.9993 19.1986 6
    endloop
  endfacet
  facet normal 0.857652 0.514231 0
    outer loop
      vertex -60.9993 19.1986 0
      vertex -60.9135 19.0555 6
      vertex -60.9135 19.0555 0
    endloop
  endfacet
  facet normal 0.998791 -0.0491602 0
    outer loop
      vertex -61.2 20 6
      vertex -61.1918 20.1666 0
      vertex -61.1918 20.1666 6
    endloop
  endfacet
  facet normal 0.998791 -0.0491602 0
    outer loop
      vertex -61.1918 20.1666 0
      vertex -61.2 20 6
      vertex -61.2 20 0
    endloop
  endfacet
  facet normal 0.998791 0.0491602 0
    outer loop
      vertex -61.1918 19.8334 6
      vertex -61.2 20 0
      vertex -61.2 20 6
    endloop
  endfacet
  facet normal 0.998791 0.0491602 0
    outer loop
      vertex -61.2 20 0
      vertex -61.1918 19.8334 6
      vertex -61.1918 19.8334 0
    endloop
  endfacet
  facet normal -0.989168 -0.146788 0
    outer loop
      vertex 61.1918 -19.8334 0
      vertex 61.1673 -19.6683 6
      vertex 61.1673 -19.6683 0
    endloop
  endfacet
  facet normal -0.989168 -0.146788 0
    outer loop
      vertex 61.1673 -19.6683 6
      vertex 61.1918 -19.8334 0
      vertex 61.1918 -19.8334 6
    endloop
  endfacet
  facet normal -0.998791 -0.0491602 0
    outer loop
      vertex 61.2 -20 0
      vertex 61.1918 -19.8334 6
      vertex 61.1918 -19.8334 0
    endloop
  endfacet
  facet normal -0.998791 -0.0491602 0
    outer loop
      vertex 61.1918 -19.8334 6
      vertex 61.2 -20 0
      vertex 61.2 -20 6
    endloop
  endfacet
  facet normal -0.970072 -0.242818 0
    outer loop
      vertex 61.1673 -19.6683 0
      vertex 61.1268 -19.5065 6
      vertex 61.1268 -19.5065 0
    endloop
  endfacet
  facet normal -0.970072 -0.242818 0
    outer loop
      vertex 61.1268 -19.5065 6
      vertex 61.1673 -19.6683 0
      vertex 61.1673 -19.6683 6
    endloop
  endfacet
  facet normal -0.427442 0.904043 0
    outer loop
      vertex 60.3014 -21.4993 0
      vertex 60.1506 -21.5706 6
      vertex 60.3014 -21.4993 6
    endloop
  endfacet
  facet normal -0.427442 0.904043 0
    outer loop
      vertex 60.1506 -21.5706 6
      vertex 60.3014 -21.4993 0
      vertex 60.1506 -21.5706 0
    endloop
  endfacet
  facet normal 0.0491602 -0.998791 0
    outer loop
      vertex 59.3334 -18.3082 0
      vertex 59.5 -18.3 6
      vertex 59.3334 -18.3082 6
    endloop
  endfacet
  facet normal 0.0491602 -0.998791 0
    outer loop
      vertex 59.5 -18.3 6
      vertex 59.3334 -18.3082 0
      vertex 59.5 -18.3 0
    endloop
  endfacet
  facet normal 0.427442 -0.904043 0
    outer loop
      vertex 58.6986 -18.5007 0
      vertex 58.8494 -18.4294 6
      vertex 58.6986 -18.5007 6
    endloop
  endfacet
  facet normal 0.427442 -0.904043 0
    outer loop
      vertex 58.8494 -18.4294 6
      vertex 58.6986 -18.5007 0
      vertex 58.8494 -18.4294 0
    endloop
  endfacet
  facet normal -0.741024 -0.671478 0
    outer loop
      vertex 60.8141 -18.9215 0
      vertex 60.7021 -18.7979 6
      vertex 60.7021 -18.7979 0
    endloop
  endfacet
  facet normal -0.741024 -0.671478 0
    outer loop
      vertex 60.7021 -18.7979 6
      vertex 60.8141 -18.9215 0
      vertex 60.8141 -18.9215 6
    endloop
  endfacet
  facet normal 0.146788 0.989168 -0
    outer loop
      vertex 59.3334 -21.6918 0
      vertex 59.1683 -21.6673 6
      vertex 59.3334 -21.6918 6
    endloop
  endfacet
  facet normal 0.146788 0.989168 0
    outer loop
      vertex 59.1683 -21.6673 6
      vertex 59.3334 -21.6918 0
      vertex 59.1683 -21.6673 0
    endloop
  endfacet
  facet normal -0.427442 -0.904043 0
    outer loop
      vertex 60.1506 -18.4294 0
      vertex 60.3014 -18.5007 6
      vertex 60.1506 -18.4294 6
    endloop
  endfacet
  facet normal -0.427442 -0.904043 -0
    outer loop
      vertex 60.3014 -18.5007 6
      vertex 60.1506 -18.4294 0
      vertex 60.3014 -18.5007 0
    endloop
  endfacet
  facet normal 0.146788 -0.989168 0
    outer loop
      vertex 59.1683 -18.3327 0
      vertex 59.3334 -18.3082 6
      vertex 59.1683 -18.3327 6
    endloop
  endfacet
  facet normal 0.146788 -0.989168 0
    outer loop
      vertex 59.3334 -18.3082 6
      vertex 59.1683 -18.3327 0
      vertex 59.3334 -18.3082 0
    endloop
  endfacet
  facet normal -0.242818 0.970072 0
    outer loop
      vertex 59.9935 -21.6268 0
      vertex 59.8317 -21.6673 6
      vertex 59.9935 -21.6268 6
    endloop
  endfacet
  facet normal -0.242818 0.970072 0
    outer loop
      vertex 59.8317 -21.6673 6
      vertex 59.9935 -21.6268 0
      vertex 59.8317 -21.6673 0
    endloop
  endfacet
  facet normal 0.595772 -0.803154 0
    outer loop
      vertex 58.4215 -18.6859 0
      vertex 58.5555 -18.5865 6
      vertex 58.4215 -18.6859 6
    endloop
  endfacet
  facet normal 0.595772 -0.803154 0
    outer loop
      vertex 58.5555 -18.5865 6
      vertex 58.4215 -18.6859 0
      vertex 58.5555 -18.5865 0
    endloop
  endfacet
  facet normal 0.904043 -0.427442 0
    outer loop
      vertex 57.9294 -19.3494 6
      vertex 58.0007 -19.1986 0
      vertex 58.0007 -19.1986 6
    endloop
  endfacet
  facet normal 0.904043 -0.427442 0
    outer loop
      vertex 58.0007 -19.1986 0
      vertex 57.9294 -19.3494 6
      vertex 57.9294 -19.3494 0
    endloop
  endfacet
  facet normal 0.427442 0.904043 -0
    outer loop
      vertex 58.8494 -21.5706 0
      vertex 58.6986 -21.4993 6
      vertex 58.8494 -21.5706 6
    endloop
  endfacet
  facet normal 0.427442 0.904043 0
    outer loop
      vertex 58.6986 -21.4993 6
      vertex 58.8494 -21.5706 0
      vertex 58.6986 -21.4993 0
    endloop
  endfacet
  facet normal 0.595772 0.803154 -0
    outer loop
      vertex 58.5555 -21.4135 0
      vertex 58.4215 -21.3141 6
      vertex 58.5555 -21.4135 6
    endloop
  endfacet
  facet normal 0.595772 0.803154 0
    outer loop
      vertex 58.4215 -21.3141 6
      vertex 58.5555 -21.4135 0
      vertex 58.4215 -21.3141 0
    endloop
  endfacet
  facet normal 0.904043 0.427442 0
    outer loop
      vertex 58.0007 -20.8014 6
      vertex 57.9294 -20.6506 0
      vertex 57.9294 -20.6506 6
    endloop
  endfacet
  facet normal 0.904043 0.427442 0
    outer loop
      vertex 57.9294 -20.6506 0
      vertex 58.0007 -20.8014 6
      vertex 58.0007 -20.8014 0
    endloop
  endfacet
  facet normal -0.514231 -0.857652 0
    outer loop
      vertex 60.3014 -18.5007 0
      vertex 60.4445 -18.5865 6
      vertex 60.3014 -18.5007 6
    endloop
  endfacet
  facet normal -0.514231 -0.857652 -0
    outer loop
      vertex 60.4445 -18.5865 6
      vertex 60.3014 -18.5007 0
      vertex 60.4445 -18.5865 0
    endloop
  endfacet
  facet normal -0.595772 0.803154 0
    outer loop
      vertex 60.5785 -21.3141 0
      vertex 60.4445 -21.4135 6
      vertex 60.5785 -21.3141 6
    endloop
  endfacet
  facet normal -0.595772 0.803154 0
    outer loop
      vertex 60.4445 -21.4135 6
      vertex 60.5785 -21.3141 0
      vertex 60.4445 -21.4135 0
    endloop
  endfacet
  facet normal 0.998791 0.0491602 0
    outer loop
      vertex 57.8082 -20.1666 6
      vertex 57.8 -20 0
      vertex 57.8 -20 6
    endloop
  endfacet
  facet normal 0.998791 0.0491602 0
    outer loop
      vertex 57.8 -20 0
      vertex 57.8082 -20.1666 6
      vertex 57.8082 -20.1666 0
    endloop
  endfacet
  facet normal -0.595772 -0.803154 0
    outer loop
      vertex 60.4445 -18.5865 0
      vertex 60.5785 -18.6859 6
      vertex 60.4445 -18.5865 6
    endloop
  endfacet
  facet normal -0.595772 -0.803154 -0
    outer loop
      vertex 60.5785 -18.6859 6
      vertex 60.4445 -18.5865 0
      vertex 60.5785 -18.6859 0
    endloop
  endfacet
  facet normal -0.970072 0.242818 0
    outer loop
      vertex 61.1268 -20.4935 0
      vertex 61.1673 -20.3317 6
      vertex 61.1673 -20.3317 0
    endloop
  endfacet
  facet normal -0.970072 0.242818 0
    outer loop
      vertex 61.1673 -20.3317 6
      vertex 61.1268 -20.4935 0
      vertex 61.1268 -20.4935 6
    endloop
  endfacet
  facet normal 0.514231 -0.857652 0
    outer loop
      vertex 58.5555 -18.5865 0
      vertex 58.6986 -18.5007 6
      vertex 58.5555 -18.5865 6
    endloop
  endfacet
  facet normal 0.514231 -0.857652 0
    outer loop
      vertex 58.6986 -18.5007 6
      vertex 58.5555 -18.5865 0
      vertex 58.6986 -18.5007 0
    endloop
  endfacet
  facet normal 0.941566 0.33683 0
    outer loop
      vertex 57.9294 -20.6506 6
      vertex 57.8732 -20.4935 0
      vertex 57.8732 -20.4935 6
    endloop
  endfacet
  facet normal 0.941566 0.33683 0
    outer loop
      vertex 57.8732 -20.4935 0
      vertex 57.9294 -20.6506 6
      vertex 57.9294 -20.6506 0
    endloop
  endfacet
  facet normal -0.242818 -0.970072 0
    outer loop
      vertex 59.8317 -18.3327 0
      vertex 59.9935 -18.3732 6
      vertex 59.8317 -18.3327 6
    endloop
  endfacet
  facet normal -0.242818 -0.970072 -0
    outer loop
      vertex 59.9935 -18.3732 6
      vertex 59.8317 -18.3327 0
      vertex 59.9935 -18.3732 0
    endloop
  endfacet
  facet normal 0.741024 -0.671478 0
    outer loop
      vertex 58.1859 -18.9215 6
      vertex 58.2979 -18.7979 0
      vertex 58.2979 -18.7979 6
    endloop
  endfacet
  facet normal 0.741024 -0.671478 0
    outer loop
      vertex 58.2979 -18.7979 0
      vertex 58.1859 -18.9215 6
      vertex 58.1859 -18.9215 0
    endloop
  endfacet
  facet normal -0.0491602 0.998791 0
    outer loop
      vertex 59.6666 -21.6918 0
      vertex 59.5 -21.7 6
      vertex 59.6666 -21.6918 6
    endloop
  endfacet
  facet normal -0.0491602 0.998791 0
    outer loop
      vertex 59.5 -21.7 6
      vertex 59.6666 -21.6918 0
      vertex 59.5 -21.7 0
    endloop
  endfacet
  facet normal -0.803154 -0.595772 0
    outer loop
      vertex 60.9135 -19.0555 0
      vertex 60.8141 -18.9215 6
      vertex 60.8141 -18.9215 0
    endloop
  endfacet
  facet normal -0.803154 -0.595772 0
    outer loop
      vertex 60.8141 -18.9215 6
      vertex 60.9135 -19.0555 0
      vertex 60.9135 -19.0555 6
    endloop
  endfacet
  facet normal 0.970072 0.242818 0
    outer loop
      vertex 57.8732 -20.4935 6
      vertex 57.8327 -20.3317 0
      vertex 57.8327 -20.3317 6
    endloop
  endfacet
  facet normal 0.970072 0.242818 0
    outer loop
      vertex 57.8327 -20.3317 0
      vertex 57.8732 -20.4935 6
      vertex 57.8732 -20.4935 0
    endloop
  endfacet
  facet normal -0.989168 0.146788 0
    outer loop
      vertex 61.1673 -20.3317 0
      vertex 61.1918 -20.1666 6
      vertex 61.1918 -20.1666 0
    endloop
  endfacet
  facet normal -0.989168 0.146788 0
    outer loop
      vertex 61.1918 -20.1666 6
      vertex 61.1673 -20.3317 0
      vertex 61.1673 -20.3317 6
    endloop
  endfacet
  facet normal -0.514231 0.857652 0
    outer loop
      vertex 60.4445 -21.4135 0
      vertex 60.3014 -21.4993 6
      vertex 60.4445 -21.4135 6
    endloop
  endfacet
  facet normal -0.514231 0.857652 0
    outer loop
      vertex 60.3014 -21.4993 6
      vertex 60.4445 -21.4135 0
      vertex 60.3014 -21.4993 0
    endloop
  endfacet
  facet normal 0.941566 -0.33683 0
    outer loop
      vertex 57.8732 -19.5065 6
      vertex 57.9294 -19.3494 0
      vertex 57.9294 -19.3494 6
    endloop
  endfacet
  facet normal 0.941566 -0.33683 0
    outer loop
      vertex 57.9294 -19.3494 0
      vertex 57.8732 -19.5065 6
      vertex 57.8732 -19.5065 0
    endloop
  endfacet
  facet normal -0.671478 -0.741024 0
    outer loop
      vertex 60.5785 -18.6859 0
      vertex 60.7021 -18.7979 6
      vertex 60.5785 -18.6859 6
    endloop
  endfacet
  facet normal -0.671478 -0.741024 -0
    outer loop
      vertex 60.7021 -18.7979 6
      vertex 60.5785 -18.6859 0
      vertex 60.7021 -18.7979 0
    endloop
  endfacet
  facet normal 0.989168 -0.146788 0
    outer loop
      vertex 57.8082 -19.8334 6
      vertex 57.8327 -19.6683 0
      vertex 57.8327 -19.6683 6
    endloop
  endfacet
  facet normal 0.989168 -0.146788 0
    outer loop
      vertex 57.8327 -19.6683 0
      vertex 57.8082 -19.8334 6
      vertex 57.8082 -19.8334 0
    endloop
  endfacet
  facet normal -0.904043 0.427442 0
    outer loop
      vertex 60.9993 -20.8014 0
      vertex 61.0706 -20.6506 6
      vertex 61.0706 -20.6506 0
    endloop
  endfacet
  facet normal -0.904043 0.427442 0
    outer loop
      vertex 61.0706 -20.6506 6
      vertex 60.9993 -20.8014 0
      vertex 60.9993 -20.8014 6
    endloop
  endfacet
  facet normal -0.998791 0.0491602 0
    outer loop
      vertex 61.1918 -20.1666 0
      vertex 61.2 -20 6
      vertex 61.2 -20 0
    endloop
  endfacet
  facet normal -0.998791 0.0491602 0
    outer loop
      vertex 61.2 -20 6
      vertex 61.1918 -20.1666 0
      vertex 61.1918 -20.1666 6
    endloop
  endfacet
  facet normal -0.146788 0.989168 0
    outer loop
      vertex 59.8317 -21.6673 0
      vertex 59.6666 -21.6918 6
      vertex 59.8317 -21.6673 6
    endloop
  endfacet
  facet normal -0.146788 0.989168 0
    outer loop
      vertex 59.6666 -21.6918 6
      vertex 59.8317 -21.6673 0
      vertex 59.6666 -21.6918 0
    endloop
  endfacet
  facet normal -0.941566 -0.33683 0
    outer loop
      vertex 61.1268 -19.5065 0
      vertex 61.0706 -19.3494 6
      vertex 61.0706 -19.3494 0
    endloop
  endfacet
  facet normal -0.941566 -0.33683 0
    outer loop
      vertex 61.0706 -19.3494 6
      vertex 61.1268 -19.5065 0
      vertex 61.1268 -19.5065 6
    endloop
  endfacet
  facet normal -0.803154 0.595772 0
    outer loop
      vertex 60.8141 -21.0785 0
      vertex 60.9135 -20.9445 6
      vertex 60.9135 -20.9445 0
    endloop
  endfacet
  facet normal -0.803154 0.595772 0
    outer loop
      vertex 60.9135 -20.9445 6
      vertex 60.8141 -21.0785 0
      vertex 60.8141 -21.0785 6
    endloop
  endfacet
  facet normal -0.857652 0.514231 0
    outer loop
      vertex 60.9135 -20.9445 0
      vertex 60.9993 -20.8014 6
      vertex 60.9993 -20.8014 0
    endloop
  endfacet
  facet normal -0.857652 0.514231 0
    outer loop
      vertex 60.9993 -20.8014 6
      vertex 60.9135 -20.9445 0
      vertex 60.9135 -20.9445 6
    endloop
  endfacet
  facet normal 0.242818 -0.970072 0
    outer loop
      vertex 59.0065 -18.3732 0
      vertex 59.1683 -18.3327 6
      vertex 59.0065 -18.3732 6
    endloop
  endfacet
  facet normal 0.242818 -0.970072 0
    outer loop
      vertex 59.1683 -18.3327 6
      vertex 59.0065 -18.3732 0
      vertex 59.1683 -18.3327 0
    endloop
  endfacet
  facet normal -0.941566 0.33683 0
    outer loop
      vertex 61.0706 -20.6506 0
      vertex 61.1268 -20.4935 6
      vertex 61.1268 -20.4935 0
    endloop
  endfacet
  facet normal -0.941566 0.33683 0
    outer loop
      vertex 61.1268 -20.4935 6
      vertex 61.0706 -20.6506 0
      vertex 61.0706 -20.6506 6
    endloop
  endfacet
  facet normal -0.0491602 -0.998791 0
    outer loop
      vertex 59.5 -18.3 0
      vertex 59.6666 -18.3082 6
      vertex 59.5 -18.3 6
    endloop
  endfacet
  facet normal -0.0491602 -0.998791 -0
    outer loop
      vertex 59.6666 -18.3082 6
      vertex 59.5 -18.3 0
      vertex 59.6666 -18.3082 0
    endloop
  endfacet
  facet normal -0.904043 -0.427442 0
    outer loop
      vertex 61.0706 -19.3494 0
      vertex 60.9993 -19.1986 6
      vertex 60.9993 -19.1986 0
    endloop
  endfacet
  facet normal -0.904043 -0.427442 0
    outer loop
      vertex 60.9993 -19.1986 6
      vertex 61.0706 -19.3494 0
      vertex 61.0706 -19.3494 6
    endloop
  endfacet
  facet normal -0.146788 -0.989168 0
    outer loop
      vertex 59.6666 -18.3082 0
      vertex 59.8317 -18.3327 6
      vertex 59.6666 -18.3082 6
    endloop
  endfacet
  facet normal -0.146788 -0.989168 -0
    outer loop
      vertex 59.8317 -18.3327 6
      vertex 59.6666 -18.3082 0
      vertex 59.8317 -18.3327 0
    endloop
  endfacet
  facet normal 0.242818 0.970072 -0
    outer loop
      vertex 59.1683 -21.6673 0
      vertex 59.0065 -21.6268 6
      vertex 59.1683 -21.6673 6
    endloop
  endfacet
  facet normal 0.242818 0.970072 0
    outer loop
      vertex 59.0065 -21.6268 6
      vertex 59.1683 -21.6673 0
      vertex 59.0065 -21.6268 0
    endloop
  endfacet
  facet normal 0.857652 0.514231 0
    outer loop
      vertex 58.0865 -20.9445 6
      vertex 58.0007 -20.8014 0
      vertex 58.0007 -20.8014 6
    endloop
  endfacet
  facet normal 0.857652 0.514231 0
    outer loop
      vertex 58.0007 -20.8014 0
      vertex 58.0865 -20.9445 6
      vertex 58.0865 -20.9445 0
    endloop
  endfacet
  facet normal -0.857652 -0.514231 0
    outer loop
      vertex 60.9993 -19.1986 0
      vertex 60.9135 -19.0555 6
      vertex 60.9135 -19.0555 0
    endloop
  endfacet
  facet normal -0.857652 -0.514231 0
    outer loop
      vertex 60.9135 -19.0555 6
      vertex 60.9993 -19.1986 0
      vertex 60.9993 -19.1986 6
    endloop
  endfacet
  facet normal 0.33683 -0.941566 0
    outer loop
      vertex 58.8494 -18.4294 0
      vertex 59.0065 -18.3732 6
      vertex 58.8494 -18.4294 6
    endloop
  endfacet
  facet normal 0.33683 -0.941566 0
    outer loop
      vertex 59.0065 -18.3732 6
      vertex 58.8494 -18.4294 0
      vertex 59.0065 -18.3732 0
    endloop
  endfacet
  facet normal 0.741024 0.671478 0
    outer loop
      vertex 58.2979 -21.2021 6
      vertex 58.1859 -21.0785 0
      vertex 58.1859 -21.0785 6
    endloop
  endfacet
  facet normal 0.741024 0.671478 0
    outer loop
      vertex 58.1859 -21.0785 0
      vertex 58.2979 -21.2021 6
      vertex 58.2979 -21.2021 0
    endloop
  endfacet
  facet normal 0.671478 -0.741024 0
    outer loop
      vertex 58.2979 -18.7979 0
      vertex 58.4215 -18.6859 6
      vertex 58.2979 -18.7979 6
    endloop
  endfacet
  facet normal 0.671478 -0.741024 0
    outer loop
      vertex 58.4215 -18.6859 6
      vertex 58.2979 -18.7979 0
      vertex 58.4215 -18.6859 0
    endloop
  endfacet
  facet normal -0.33683 -0.941566 0
    outer loop
      vertex 59.9935 -18.3732 0
      vertex 60.1506 -18.4294 6
      vertex 59.9935 -18.3732 6
    endloop
  endfacet
  facet normal -0.33683 -0.941566 -0
    outer loop
      vertex 60.1506 -18.4294 6
      vertex 59.9935 -18.3732 0
      vertex 60.1506 -18.4294 0
    endloop
  endfacet
  facet normal 0.514231 0.857652 -0
    outer loop
      vertex 58.6986 -21.4993 0
      vertex 58.5555 -21.4135 6
      vertex 58.6986 -21.4993 6
    endloop
  endfacet
  facet normal 0.514231 0.857652 0
    outer loop
      vertex 58.5555 -21.4135 6
      vertex 58.6986 -21.4993 0
      vertex 58.5555 -21.4135 0
    endloop
  endfacet
  facet normal 0.970072 -0.242818 0
    outer loop
      vertex 57.8327 -19.6683 6
      vertex 57.8732 -19.5065 0
      vertex 57.8732 -19.5065 6
    endloop
  endfacet
  facet normal 0.970072 -0.242818 0
    outer loop
      vertex 57.8732 -19.5065 0
      vertex 57.8327 -19.6683 6
      vertex 57.8327 -19.6683 0
    endloop
  endfacet
  facet normal -0.33683 0.941566 0
    outer loop
      vertex 60.1506 -21.5706 0
      vertex 59.9935 -21.6268 6
      vertex 60.1506 -21.5706 6
    endloop
  endfacet
  facet normal -0.33683 0.941566 0
    outer loop
      vertex 59.9935 -21.6268 6
      vertex 60.1506 -21.5706 0
      vertex 59.9935 -21.6268 0
    endloop
  endfacet
  facet normal 0.803154 0.595772 0
    outer loop
      vertex 58.1859 -21.0785 6
      vertex 58.0865 -20.9445 0
      vertex 58.0865 -20.9445 6
    endloop
  endfacet
  facet normal 0.803154 0.595772 0
    outer loop
      vertex 58.0865 -20.9445 0
      vertex 58.1859 -21.0785 6
      vertex 58.1859 -21.0785 0
    endloop
  endfacet
  facet normal 0.989168 0.146788 0
    outer loop
      vertex 57.8327 -20.3317 6
      vertex 57.8082 -20.1666 0
      vertex 57.8082 -20.1666 6
    endloop
  endfacet
  facet normal 0.989168 0.146788 0
    outer loop
      vertex 57.8082 -20.1666 0
      vertex 57.8327 -20.3317 6
      vertex 57.8327 -20.3317 0
    endloop
  endfacet
  facet normal 0.671478 0.741024 -0
    outer loop
      vertex 58.4215 -21.3141 0
      vertex 58.2979 -21.2021 6
      vertex 58.4215 -21.3141 6
    endloop
  endfacet
  facet normal 0.671478 0.741024 0
    outer loop
      vertex 58.2979 -21.2021 6
      vertex 58.4215 -21.3141 0
      vertex 58.2979 -21.2021 0
    endloop
  endfacet
  facet normal 0.803154 -0.595772 0
    outer loop
      vertex 58.0865 -19.0555 6
      vertex 58.1859 -18.9215 0
      vertex 58.1859 -18.9215 6
    endloop
  endfacet
  facet normal 0.803154 -0.595772 0
    outer loop
      vertex 58.1859 -18.9215 0
      vertex 58.0865 -19.0555 6
      vertex 58.0865 -19.0555 0
    endloop
  endfacet
  facet normal 0.857652 -0.514231 0
    outer loop
      vertex 58.0007 -19.1986 6
      vertex 58.0865 -19.0555 0
      vertex 58.0865 -19.0555 6
    endloop
  endfacet
  facet normal 0.857652 -0.514231 0
    outer loop
      vertex 58.0865 -19.0555 0
      vertex 58.0007 -19.1986 6
      vertex 58.0007 -19.1986 0
    endloop
  endfacet
  facet normal 0.0491602 0.998791 -0
    outer loop
      vertex 59.5 -21.7 0
      vertex 59.3334 -21.6918 6
      vertex 59.5 -21.7 6
    endloop
  endfacet
  facet normal 0.0491602 0.998791 0
    outer loop
      vertex 59.3334 -21.6918 6
      vertex 59.5 -21.7 0
      vertex 59.3334 -21.6918 0
    endloop
  endfacet
  facet normal 0.998791 -0.0491602 0
    outer loop
      vertex 57.8 -20 6
      vertex 57.8082 -19.8334 0
      vertex 57.8082 -19.8334 6
    endloop
  endfacet
  facet normal 0.998791 -0.0491602 0
    outer loop
      vertex 57.8082 -19.8334 0
      vertex 57.8 -20 6
      vertex 57.8 -20 0
    endloop
  endfacet
  facet normal 0.33683 0.941566 -0
    outer loop
      vertex 59.0065 -21.6268 0
      vertex 58.8494 -21.5706 6
      vertex 59.0065 -21.6268 6
    endloop
  endfacet
  facet normal 0.33683 0.941566 0
    outer loop
      vertex 58.8494 -21.5706 6
      vertex 59.0065 -21.6268 0
      vertex 58.8494 -21.5706 0
    endloop
  endfacet
  facet normal -0.741024 0.671478 0
    outer loop
      vertex 60.7021 -21.2021 0
      vertex 60.8141 -21.0785 6
      vertex 60.8141 -21.0785 0
    endloop
  endfacet
  facet normal -0.741024 0.671478 0
    outer loop
      vertex 60.8141 -21.0785 6
      vertex 60.7021 -21.2021 0
      vertex 60.7021 -21.2021 6
    endloop
  endfacet
  facet normal -0.671478 0.741024 0
    outer loop
      vertex 60.7021 -21.2021 0
      vertex 60.5785 -21.3141 6
      vertex 60.7021 -21.2021 6
    endloop
  endfacet
  facet normal -0.671478 0.741024 0
    outer loop
      vertex 60.5785 -21.3141 6
      vertex 60.7021 -21.2021 0
      vertex 60.5785 -21.3141 0
    endloop
  endfacet
  facet normal 0.904043 -0.427442 0
    outer loop
      vertex 57.9294 20.6506 6
      vertex 58.0007 20.8014 0
      vertex 58.0007 20.8014 6
    endloop
  endfacet
  facet normal 0.904043 -0.427442 0
    outer loop
      vertex 58.0007 20.8014 0
      vertex 57.9294 20.6506 6
      vertex 57.9294 20.6506 0
    endloop
  endfacet
  facet normal -0.989168 -0.146788 0
    outer loop
      vertex 61.1918 20.1666 0
      vertex 61.1673 20.3317 6
      vertex 61.1673 20.3317 0
    endloop
  endfacet
  facet normal -0.989168 -0.146788 0
    outer loop
      vertex 61.1673 20.3317 6
      vertex 61.1918 20.1666 0
      vertex 61.1918 20.1666 6
    endloop
  endfacet
  facet normal -0.998791 -0.0491602 0
    outer loop
      vertex 61.2 20 0
      vertex 61.1918 20.1666 6
      vertex 61.1918 20.1666 0
    endloop
  endfacet
  facet normal -0.998791 -0.0491602 0
    outer loop
      vertex 61.1918 20.1666 6
      vertex 61.2 20 0
      vertex 61.2 20 6
    endloop
  endfacet
  facet normal -0.970072 -0.242818 0
    outer loop
      vertex 61.1673 20.3317 0
      vertex 61.1268 20.4935 6
      vertex 61.1268 20.4935 0
    endloop
  endfacet
  facet normal -0.970072 -0.242818 0
    outer loop
      vertex 61.1268 20.4935 6
      vertex 61.1673 20.3317 0
      vertex 61.1673 20.3317 6
    endloop
  endfacet
  facet normal -0.146788 -0.989168 0
    outer loop
      vertex 59.6666 21.6918 0
      vertex 59.8317 21.6673 6
      vertex 59.6666 21.6918 6
    endloop
  endfacet
  facet normal -0.146788 -0.989168 -0
    outer loop
      vertex 59.8317 21.6673 6
      vertex 59.6666 21.6918 0
      vertex 59.8317 21.6673 0
    endloop
  endfacet
  facet normal 0.146788 -0.989168 0
    outer loop
      vertex 59.1683 21.6673 0
      vertex 59.3334 21.6918 6
      vertex 59.1683 21.6673 6
    endloop
  endfacet
  facet normal 0.146788 -0.989168 0
    outer loop
      vertex 59.3334 21.6918 6
      vertex 59.1683 21.6673 0
      vertex 59.3334 21.6918 0
    endloop
  endfacet
  facet normal -0.803154 -0.595772 0
    outer loop
      vertex 60.9135 20.9445 0
      vertex 60.8141 21.0785 6
      vertex 60.8141 21.0785 0
    endloop
  endfacet
  facet normal -0.803154 -0.595772 0
    outer loop
      vertex 60.8141 21.0785 6
      vertex 60.9135 20.9445 0
      vertex 60.9135 20.9445 6
    endloop
  endfacet
  facet normal -0.514231 0.857652 0
    outer loop
      vertex 60.4445 18.5865 0
      vertex 60.3014 18.5007 6
      vertex 60.4445 18.5865 6
    endloop
  endfacet
  facet normal -0.514231 0.857652 0
    outer loop
      vertex 60.3014 18.5007 6
      vertex 60.4445 18.5865 0
      vertex 60.3014 18.5007 0
    endloop
  endfacet
  facet normal -0.595772 -0.803154 0
    outer loop
      vertex 60.4445 21.4135 0
      vertex 60.5785 21.3141 6
      vertex 60.4445 21.4135 6
    endloop
  endfacet
  facet normal -0.595772 -0.803154 -0
    outer loop
      vertex 60.5785 21.3141 6
      vertex 60.4445 21.4135 0
      vertex 60.5785 21.3141 0
    endloop
  endfacet
  facet normal -0.998791 0.0491602 0
    outer loop
      vertex 61.1918 19.8334 0
      vertex 61.2 20 6
      vertex 61.2 20 0
    endloop
  endfacet
  facet normal -0.998791 0.0491602 0
    outer loop
      vertex 61.2 20 6
      vertex 61.1918 19.8334 0
      vertex 61.1918 19.8334 6
    endloop
  endfacet
  facet normal 0.242818 -0.970072 0
    outer loop
      vertex 59.0065 21.6268 0
      vertex 59.1683 21.6673 6
      vertex 59.0065 21.6268 6
    endloop
  endfacet
  facet normal 0.242818 -0.970072 0
    outer loop
      vertex 59.1683 21.6673 6
      vertex 59.0065 21.6268 0
      vertex 59.1683 21.6673 0
    endloop
  endfacet
  facet normal 0.803154 -0.595772 0
    outer loop
      vertex 58.0865 20.9445 6
      vertex 58.1859 21.0785 0
      vertex 58.1859 21.0785 6
    endloop
  endfacet
  facet normal 0.803154 -0.595772 0
    outer loop
      vertex 58.1859 21.0785 0
      vertex 58.0865 20.9445 6
      vertex 58.0865 20.9445 0
    endloop
  endfacet
  facet normal 0.427442 0.904043 -0
    outer loop
      vertex 58.8494 18.4294 0
      vertex 58.6986 18.5007 6
      vertex 58.8494 18.4294 6
    endloop
  endfacet
  facet normal 0.427442 0.904043 0
    outer loop
      vertex 58.6986 18.5007 6
      vertex 58.8494 18.4294 0
      vertex 58.6986 18.5007 0
    endloop
  endfacet
  facet normal -0.427442 -0.904043 0
    outer loop
      vertex 60.1506 21.5706 0
      vertex 60.3014 21.4993 6
      vertex 60.1506 21.5706 6
    endloop
  endfacet
  facet normal -0.427442 -0.904043 -0
    outer loop
      vertex 60.3014 21.4993 6
      vertex 60.1506 21.5706 0
      vertex 60.3014 21.4993 0
    endloop
  endfacet
  facet normal 0.989168 0.146788 0
    outer loop
      vertex 57.8327 19.6683 6
      vertex 57.8082 19.8334 0
      vertex 57.8082 19.8334 6
    endloop
  endfacet
  facet normal 0.989168 0.146788 0
    outer loop
      vertex 57.8082 19.8334 0
      vertex 57.8327 19.6683 6
      vertex 57.8327 19.6683 0
    endloop
  endfacet
  facet normal -0.671478 0.741024 0
    outer loop
      vertex 60.7021 18.7979 0
      vertex 60.5785 18.6859 6
      vertex 60.7021 18.7979 6
    endloop
  endfacet
  facet normal -0.671478 0.741024 0
    outer loop
      vertex 60.5785 18.6859 6
      vertex 60.7021 18.7979 0
      vertex 60.5785 18.6859 0
    endloop
  endfacet
  facet normal 0.427442 -0.904043 0
    outer loop
      vertex 58.6986 21.4993 0
      vertex 58.8494 21.5706 6
      vertex 58.6986 21.4993 6
    endloop
  endfacet
  facet normal 0.427442 -0.904043 0
    outer loop
      vertex 58.8494 21.5706 6
      vertex 58.6986 21.4993 0
      vertex 58.8494 21.5706 0
    endloop
  endfacet
  facet normal -0.970072 0.242818 0
    outer loop
      vertex 61.1268 19.5065 0
      vertex 61.1673 19.6683 6
      vertex 61.1673 19.6683 0
    endloop
  endfacet
  facet normal -0.970072 0.242818 0
    outer loop
      vertex 61.1673 19.6683 6
      vertex 61.1268 19.5065 0
      vertex 61.1268 19.5065 6
    endloop
  endfacet
  facet normal -0.242818 0.970072 0
    outer loop
      vertex 59.9935 18.3732 0
      vertex 59.8317 18.3327 6
      vertex 59.9935 18.3732 6
    endloop
  endfacet
  facet normal -0.242818 0.970072 0
    outer loop
      vertex 59.8317 18.3327 6
      vertex 59.9935 18.3732 0
      vertex 59.8317 18.3327 0
    endloop
  endfacet
  facet normal 0.989168 -0.146788 0
    outer loop
      vertex 57.8082 20.1666 6
      vertex 57.8327 20.3317 0
      vertex 57.8327 20.3317 6
    endloop
  endfacet
  facet normal 0.989168 -0.146788 0
    outer loop
      vertex 57.8327 20.3317 0
      vertex 57.8082 20.1666 6
      vertex 57.8082 20.1666 0
    endloop
  endfacet
  facet normal -0.941566 -0.33683 0
    outer loop
      vertex 61.1268 20.4935 0
      vertex 61.0706 20.6506 6
      vertex 61.0706 20.6506 0
    endloop
  endfacet
  facet normal -0.941566 -0.33683 0
    outer loop
      vertex 61.0706 20.6506 6
      vertex 61.1268 20.4935 0
      vertex 61.1268 20.4935 6
    endloop
  endfacet
  facet normal 0.514231 0.857652 -0
    outer loop
      vertex 58.6986 18.5007 0
      vertex 58.5555 18.5865 6
      vertex 58.6986 18.5007 6
    endloop
  endfacet
  facet normal 0.514231 0.857652 0
    outer loop
      vertex 58.5555 18.5865 6
      vertex 58.6986 18.5007 0
      vertex 58.5555 18.5865 0
    endloop
  endfacet
  facet normal 0.970072 -0.242818 0
    outer loop
      vertex 57.8327 20.3317 6
      vertex 57.8732 20.4935 0
      vertex 57.8732 20.4935 6
    endloop
  endfacet
  facet normal 0.970072 -0.242818 0
    outer loop
      vertex 57.8732 20.4935 0
      vertex 57.8327 20.3317 6
      vertex 57.8327 20.3317 0
    endloop
  endfacet
  facet normal -0.803154 0.595772 0
    outer loop
      vertex 60.8141 18.9215 0
      vertex 60.9135 19.0555 6
      vertex 60.9135 19.0555 0
    endloop
  endfacet
  facet normal -0.803154 0.595772 0
    outer loop
      vertex 60.9135 19.0555 6
      vertex 60.8141 18.9215 0
      vertex 60.8141 18.9215 6
    endloop
  endfacet
  facet normal 0.595772 0.803154 -0
    outer loop
      vertex 58.5555 18.5865 0
      vertex 58.4215 18.6859 6
      vertex 58.5555 18.5865 6
    endloop
  endfacet
  facet normal 0.595772 0.803154 0
    outer loop
      vertex 58.4215 18.6859 6
      vertex 58.5555 18.5865 0
      vertex 58.4215 18.6859 0
    endloop
  endfacet
  facet normal 0.33683 0.941566 -0
    outer loop
      vertex 59.0065 18.3732 0
      vertex 58.8494 18.4294 6
      vertex 59.0065 18.3732 6
    endloop
  endfacet
  facet normal 0.33683 0.941566 0
    outer loop
      vertex 58.8494 18.4294 6
      vertex 59.0065 18.3732 0
      vertex 58.8494 18.4294 0
    endloop
  endfacet
  facet normal -0.33683 -0.941566 0
    outer loop
      vertex 59.9935 21.6268 0
      vertex 60.1506 21.5706 6
      vertex 59.9935 21.6268 6
    endloop
  endfacet
  facet normal -0.33683 -0.941566 -0
    outer loop
      vertex 60.1506 21.5706 6
      vertex 59.9935 21.6268 0
      vertex 60.1506 21.5706 0
    endloop
  endfacet
  facet normal 0.741024 0.671478 0
    outer loop
      vertex 58.2979 18.7979 6
      vertex 58.1859 18.9215 0
      vertex 58.1859 18.9215 6
    endloop
  endfacet
  facet normal 0.741024 0.671478 0
    outer loop
      vertex 58.1859 18.9215 0
      vertex 58.2979 18.7979 6
      vertex 58.2979 18.7979 0
    endloop
  endfacet
  facet normal -0.514231 -0.857652 0
    outer loop
      vertex 60.3014 21.4993 0
      vertex 60.4445 21.4135 6
      vertex 60.3014 21.4993 6
    endloop
  endfacet
  facet normal -0.514231 -0.857652 -0
    outer loop
      vertex 60.4445 21.4135 6
      vertex 60.3014 21.4993 0
      vertex 60.4445 21.4135 0
    endloop
  endfacet
  facet normal 0.33683 -0.941566 0
    outer loop
      vertex 58.8494 21.5706 0
      vertex 59.0065 21.6268 6
      vertex 58.8494 21.5706 6
    endloop
  endfacet
  facet normal 0.33683 -0.941566 0
    outer loop
      vertex 59.0065 21.6268 6
      vertex 58.8494 21.5706 0
      vertex 59.0065 21.6268 0
    endloop
  endfacet
  facet normal 0.904043 0.427442 0
    outer loop
      vertex 58.0007 19.1986 6
      vertex 57.9294 19.3494 0
      vertex 57.9294 19.3494 6
    endloop
  endfacet
  facet normal 0.904043 0.427442 0
    outer loop
      vertex 57.9294 19.3494 0
      vertex 58.0007 19.1986 6
      vertex 58.0007 19.1986 0
    endloop
  endfacet
  facet normal 0.941566 0.33683 0
    outer loop
      vertex 57.9294 19.3494 6
      vertex 57.8732 19.5065 0
      vertex 57.8732 19.5065 6
    endloop
  endfacet
  facet normal 0.941566 0.33683 0
    outer loop
      vertex 57.8732 19.5065 0
      vertex 57.9294 19.3494 6
      vertex 57.9294 19.3494 0
    endloop
  endfacet
  facet normal -0.904043 -0.427442 0
    outer loop
      vertex 61.0706 20.6506 0
      vertex 60.9993 20.8014 6
      vertex 60.9993 20.8014 0
    endloop
  endfacet
  facet normal -0.904043 -0.427442 0
    outer loop
      vertex 60.9993 20.8014 6
      vertex 61.0706 20.6506 0
      vertex 61.0706 20.6506 6
    endloop
  endfacet
  facet normal 0.970072 0.242818 0
    outer loop
      vertex 57.8732 19.5065 6
      vertex 57.8327 19.6683 0
      vertex 57.8327 19.6683 6
    endloop
  endfacet
  facet normal 0.970072 0.242818 0
    outer loop
      vertex 57.8327 19.6683 0
      vertex 57.8732 19.5065 6
      vertex 57.8732 19.5065 0
    endloop
  endfacet
  facet normal 0.595772 -0.803154 0
    outer loop
      vertex 58.4215 21.3141 0
      vertex 58.5555 21.4135 6
      vertex 58.4215 21.3141 6
    endloop
  endfacet
  facet normal 0.595772 -0.803154 0
    outer loop
      vertex 58.5555 21.4135 6
      vertex 58.4215 21.3141 0
      vertex 58.5555 21.4135 0
    endloop
  endfacet
  facet normal 0.146788 0.989168 -0
    outer loop
      vertex 59.3334 18.3082 0
      vertex 59.1683 18.3327 6
      vertex 59.3334 18.3082 6
    endloop
  endfacet
  facet normal 0.146788 0.989168 0
    outer loop
      vertex 59.1683 18.3327 6
      vertex 59.3334 18.3082 0
      vertex 59.1683 18.3327 0
    endloop
  endfacet
  facet normal -0.741024 0.671478 0
    outer loop
      vertex 60.7021 18.7979 0
      vertex 60.8141 18.9215 6
      vertex 60.8141 18.9215 0
    endloop
  endfacet
  facet normal -0.741024 0.671478 0
    outer loop
      vertex 60.8141 18.9215 6
      vertex 60.7021 18.7979 0
      vertex 60.7021 18.7979 6
    endloop
  endfacet
  facet normal -0.146788 0.989168 0
    outer loop
      vertex 59.8317 18.3327 0
      vertex 59.6666 18.3082 6
      vertex 59.8317 18.3327 6
    endloop
  endfacet
  facet normal -0.146788 0.989168 0
    outer loop
      vertex 59.6666 18.3082 6
      vertex 59.8317 18.3327 0
      vertex 59.6666 18.3082 0
    endloop
  endfacet
  facet normal 0.514231 -0.857652 0
    outer loop
      vertex 58.5555 21.4135 0
      vertex 58.6986 21.4993 6
      vertex 58.5555 21.4135 6
    endloop
  endfacet
  facet normal 0.514231 -0.857652 0
    outer loop
      vertex 58.6986 21.4993 6
      vertex 58.5555 21.4135 0
      vertex 58.6986 21.4993 0
    endloop
  endfacet
  facet normal -0.0491602 -0.998791 0
    outer loop
      vertex 59.5 21.7 0
      vertex 59.6666 21.6918 6
      vertex 59.5 21.7 6
    endloop
  endfacet
  facet normal -0.0491602 -0.998791 -0
    outer loop
      vertex 59.6666 21.6918 6
      vertex 59.5 21.7 0
      vertex 59.6666 21.6918 0
    endloop
  endfacet
  facet normal -0.242818 -0.970072 0
    outer loop
      vertex 59.8317 21.6673 0
      vertex 59.9935 21.6268 6
      vertex 59.8317 21.6673 6
    endloop
  endfacet
  facet normal -0.242818 -0.970072 -0
    outer loop
      vertex 59.9935 21.6268 6
      vertex 59.8317 21.6673 0
      vertex 59.9935 21.6268 0
    endloop
  endfacet
  facet normal 0.941566 -0.33683 0
    outer loop
      vertex 57.8732 20.4935 6
      vertex 57.9294 20.6506 0
      vertex 57.9294 20.6506 6
    endloop
  endfacet
  facet normal 0.941566 -0.33683 0
    outer loop
      vertex 57.9294 20.6506 0
      vertex 57.8732 20.4935 6
      vertex 57.8732 20.4935 0
    endloop
  endfacet
  facet normal -0.671478 -0.741024 0
    outer loop
      vertex 60.5785 21.3141 0
      vertex 60.7021 21.2021 6
      vertex 60.5785 21.3141 6
    endloop
  endfacet
  facet normal -0.671478 -0.741024 -0
    outer loop
      vertex 60.7021 21.2021 6
      vertex 60.5785 21.3141 0
      vertex 60.7021 21.2021 0
    endloop
  endfacet
  facet normal 0.0491602 -0.998791 0
    outer loop
      vertex 59.3334 21.6918 0
      vertex 59.5 21.7 6
      vertex 59.3334 21.6918 6
    endloop
  endfacet
  facet normal 0.0491602 -0.998791 0
    outer loop
      vertex 59.5 21.7 6
      vertex 59.3334 21.6918 0
      vertex 59.5 21.7 0
    endloop
  endfacet
  facet normal -0.427442 0.904043 0
    outer loop
      vertex 60.3014 18.5007 0
      vertex 60.1506 18.4294 6
      vertex 60.3014 18.5007 6
    endloop
  endfacet
  facet normal -0.427442 0.904043 0
    outer loop
      vertex 60.1506 18.4294 6
      vertex 60.3014 18.5007 0
      vertex 60.1506 18.4294 0
    endloop
  endfacet
  facet normal -0.989168 0.146788 0
    outer loop
      vertex 61.1673 19.6683 0
      vertex 61.1918 19.8334 6
      vertex 61.1918 19.8334 0
    endloop
  endfacet
  facet normal -0.989168 0.146788 0
    outer loop
      vertex 61.1918 19.8334 6
      vertex 61.1673 19.6683 0
      vertex 61.1673 19.6683 6
    endloop
  endfacet
  facet normal -0.857652 -0.514231 0
    outer loop
      vertex 60.9993 20.8014 0
      vertex 60.9135 20.9445 6
      vertex 60.9135 20.9445 0
    endloop
  endfacet
  facet normal -0.857652 -0.514231 0
    outer loop
      vertex 60.9135 20.9445 6
      vertex 60.9993 20.8014 0
      vertex 60.9993 20.8014 6
    endloop
  endfacet
  facet normal 0.0491602 0.998791 -0
    outer loop
      vertex 59.5 18.3 0
      vertex 59.3334 18.3082 6
      vertex 59.5 18.3 6
    endloop
  endfacet
  facet normal 0.0491602 0.998791 0
    outer loop
      vertex 59.3334 18.3082 6
      vertex 59.5 18.3 0
      vertex 59.3334 18.3082 0
    endloop
  endfacet
  facet normal 0.671478 -0.741024 0
    outer loop
      vertex 58.2979 21.2021 0
      vertex 58.4215 21.3141 6
      vertex 58.2979 21.2021 6
    endloop
  endfacet
  facet normal 0.671478 -0.741024 0
    outer loop
      vertex 58.4215 21.3141 6
      vertex 58.2979 21.2021 0
      vertex 58.4215 21.3141 0
    endloop
  endfacet
  facet normal 0.741024 -0.671478 0
    outer loop
      vertex 58.1859 21.0785 6
      vertex 58.2979 21.2021 0
      vertex 58.2979 21.2021 6
    endloop
  endfacet
  facet normal 0.741024 -0.671478 0
    outer loop
      vertex 58.2979 21.2021 0
      vertex 58.1859 21.0785 6
      vertex 58.1859 21.0785 0
    endloop
  endfacet
  facet normal -0.904043 0.427442 0
    outer loop
      vertex 60.9993 19.1986 0
      vertex 61.0706 19.3494 6
      vertex 61.0706 19.3494 0
    endloop
  endfacet
  facet normal -0.904043 0.427442 0
    outer loop
      vertex 61.0706 19.3494 6
      vertex 60.9993 19.1986 0
      vertex 60.9993 19.1986 6
    endloop
  endfacet
  facet normal -0.0491602 0.998791 0
    outer loop
      vertex 59.6666 18.3082 0
      vertex 59.5 18.3 6
      vertex 59.6666 18.3082 6
    endloop
  endfacet
  facet normal -0.0491602 0.998791 0
    outer loop
      vertex 59.5 18.3 6
      vertex 59.6666 18.3082 0
      vertex 59.5 18.3 0
    endloop
  endfacet
  facet normal 0.671478 0.741024 -0
    outer loop
      vertex 58.4215 18.6859 0
      vertex 58.2979 18.7979 6
      vertex 58.4215 18.6859 6
    endloop
  endfacet
  facet normal 0.671478 0.741024 0
    outer loop
      vertex 58.2979 18.7979 6
      vertex 58.4215 18.6859 0
      vertex 58.2979 18.7979 0
    endloop
  endfacet
  facet normal -0.941566 0.33683 0
    outer loop
      vertex 61.0706 19.3494 0
      vertex 61.1268 19.5065 6
      vertex 61.1268 19.5065 0
    endloop
  endfacet
  facet normal -0.941566 0.33683 0
    outer loop
      vertex 61.1268 19.5065 6
      vertex 61.0706 19.3494 0
      vertex 61.0706 19.3494 6
    endloop
  endfacet
  facet normal -0.741024 -0.671478 0
    outer loop
      vertex 60.8141 21.0785 0
      vertex 60.7021 21.2021 6
      vertex 60.7021 21.2021 0
    endloop
  endfacet
  facet normal -0.741024 -0.671478 0
    outer loop
      vertex 60.7021 21.2021 6
      vertex 60.8141 21.0785 0
      vertex 60.8141 21.0785 6
    endloop
  endfacet
  facet normal 0.242818 0.970072 -0
    outer loop
      vertex 59.1683 18.3327 0
      vertex 59.0065 18.3732 6
      vertex 59.1683 18.3327 6
    endloop
  endfacet
  facet normal 0.242818 0.970072 0
    outer loop
      vertex 59.0065 18.3732 6
      vertex 59.1683 18.3327 0
      vertex 59.0065 18.3732 0
    endloop
  endfacet
  facet normal -0.595772 0.803154 0
    outer loop
      vertex 60.5785 18.6859 0
      vertex 60.4445 18.5865 6
      vertex 60.5785 18.6859 6
    endloop
  endfacet
  facet normal -0.595772 0.803154 0
    outer loop
      vertex 60.4445 18.5865 6
      vertex 60.5785 18.6859 0
      vertex 60.4445 18.5865 0
    endloop
  endfacet
  facet normal -0.857652 0.514231 0
    outer loop
      vertex 60.9135 19.0555 0
      vertex 60.9993 19.1986 6
      vertex 60.9993 19.1986 0
    endloop
  endfacet
  facet normal -0.857652 0.514231 0
    outer loop
      vertex 60.9993 19.1986 6
      vertex 60.9135 19.0555 0
      vertex 60.9135 19.0555 6
    endloop
  endfacet
  facet normal 0.803154 0.595772 0
    outer loop
      vertex 58.1859 18.9215 6
      vertex 58.0865 19.0555 0
      vertex 58.0865 19.0555 6
    endloop
  endfacet
  facet normal 0.803154 0.595772 0
    outer loop
      vertex 58.0865 19.0555 0
      vertex 58.1859 18.9215 6
      vertex 58.1859 18.9215 0
    endloop
  endfacet
  facet normal 0.857652 -0.514231 0
    outer loop
      vertex 58.0007 20.8014 6
      vertex 58.0865 20.9445 0
      vertex 58.0865 20.9445 6
    endloop
  endfacet
  facet normal 0.857652 -0.514231 0
    outer loop
      vertex 58.0865 20.9445 0
      vertex 58.0007 20.8014 6
      vertex 58.0007 20.8014 0
    endloop
  endfacet
  facet normal -0.33683 0.941566 0
    outer loop
      vertex 60.1506 18.4294 0
      vertex 59.9935 18.3732 6
      vertex 60.1506 18.4294 6
    endloop
  endfacet
  facet normal -0.33683 0.941566 0
    outer loop
      vertex 59.9935 18.3732 6
      vertex 60.1506 18.4294 0
      vertex 59.9935 18.3732 0
    endloop
  endfacet
  facet normal 0.857652 0.514231 0
    outer loop
      vertex 58.0865 19.0555 6
      vertex 58.0007 19.1986 0
      vertex 58.0007 19.1986 6
    endloop
  endfacet
  facet normal 0.857652 0.514231 0
    outer loop
      vertex 58.0007 19.1986 0
      vertex 58.0865 19.0555 6
      vertex 58.0865 19.0555 0
    endloop
  endfacet
  facet normal 0.998791 -0.0491602 0
    outer loop
      vertex 57.8 20 6
      vertex 57.8082 20.1666 0
      vertex 57.8082 20.1666 6
    endloop
  endfacet
  facet normal 0.998791 -0.0491602 0
    outer loop
      vertex 57.8082 20.1666 0
      vertex 57.8 20 6
      vertex 57.8 20 0
    endloop
  endfacet
  facet normal 0.998791 0.0491602 0
    outer loop
      vertex 57.8082 19.8334 6
      vertex 57.8 20 0
      vertex 57.8 20 6
    endloop
  endfacet
  facet normal 0.998791 0.0491602 0
    outer loop
      vertex 57.8 20 0
      vertex 57.8082 19.8334 6
      vertex 57.8082 19.8334 0
    endloop
  endfacet
  facet normal -0.970023 -0.243015 0
    outer loop
      vertex -74.2416 -20.7417 0
      vertex -74.3847 -20.1705 6
      vertex -74.3847 -20.1705 0
    endloop
  endfacet
  facet normal -0.970023 -0.243015 0
    outer loop
      vertex -74.3847 -20.1705 6
      vertex -74.2416 -20.7417 0
      vertex -74.2416 -20.7417 6
    endloop
  endfacet
  facet normal -0.857718 0.514121 0
    outer loop
      vertex -73.7915 21.8284 0
      vertex -73.4888 22.3334 6
      vertex -73.4888 22.3334 0
    endloop
  endfacet
  facet normal -0.857718 0.514121 0
    outer loop
      vertex -73.4888 22.3334 6
      vertex -73.7915 21.8284 0
      vertex -73.7915 21.8284 6
    endloop
  endfacet
  facet normal -0.514121 -0.857718 0
    outer loop
      vertex -71.8334 -23.9888 0
      vertex -71.3284 -24.2915 6
      vertex -71.8334 -23.9888 6
    endloop
  endfacet
  facet normal -0.514121 -0.857718 -0
    outer loop
      vertex -71.3284 -24.2915 6
      vertex -71.8334 -23.9888 0
      vertex -71.3284 -24.2915 0
    endloop
  endfacet
  facet normal 0 -1 0
    outer loop
      vertex -68.5 -25 0
      vertex 68.5 -25 6
      vertex -68.5 -25 6
    endloop
  endfacet
  facet normal 0 -1 -0
    outer loop
      vertex 68.5 -25 6
      vertex -68.5 -25 0
      vertex 68.5 -25 0
    endloop
  endfacet
  facet normal -0.6717 0.740823 0
    outer loop
      vertex -72.3064 23.6381 0
      vertex -72.7426 23.2426 6
      vertex -72.3064 23.6381 6
    endloop
  endfacet
  facet normal -0.6717 0.740823 0
    outer loop
      vertex -72.7426 23.2426 6
      vertex -72.3064 23.6381 0
      vertex -72.7426 23.2426 0
    endloop
  endfacet
  facet normal 0.998795 0.0490821 0
    outer loop
      vertex 74.5 19 6
      vertex 74.4711 19.5881 0
      vertex 74.4711 19.5881 6
    endloop
  endfacet
  facet normal 0.998795 0.0490821 0
    outer loop
      vertex 74.4711 19.5881 0
      vertex 74.5 19 6
      vertex 74.5 19 0
    endloop
  endfacet
  facet normal 0.998795 -0.0490821 0
    outer loop
      vertex 74.4711 -19.5881 6
      vertex 74.5 -19 0
      vertex 74.5 -19 6
    endloop
  endfacet
  facet normal 0.998795 -0.0490821 0
    outer loop
      vertex 74.5 -19 0
      vertex 74.4711 -19.5881 6
      vertex 74.4711 -19.5881 0
    endloop
  endfacet
  facet normal -0.336788 0.94158 0
    outer loop
      vertex -70.2417 24.7416 0
      vertex -70.7961 24.5433 6
      vertex -70.2417 24.7416 6
    endloop
  endfacet
  facet normal -0.336788 0.94158 0
    outer loop
      vertex -70.7961 24.5433 6
      vertex -70.2417 24.7416 0
      vertex -70.7961 24.5433 0
    endloop
  endfacet
  facet normal 0.989174 0.146746 0
    outer loop
      vertex 74.4711 19.5881 6
      vertex 74.3847 20.1705 0
      vertex 74.3847 20.1705 6
    endloop
  endfacet
  facet normal 0.989174 0.146746 0
    outer loop
      vertex 74.3847 20.1705 0
      vertex 74.4711 19.5881 6
      vertex 74.4711 19.5881 0
    endloop
  endfacet
  facet normal 0.970023 0.243015 0
    outer loop
      vertex 74.3847 20.1705 6
      vertex 74.2416 20.7417 0
      vertex 74.2416 20.7417 6
    endloop
  endfacet
  facet normal 0.970023 0.243015 0
    outer loop
      vertex 74.2416 20.7417 0
      vertex 74.3847 20.1705 6
      vertex 74.3847 20.1705 0
    endloop
  endfacet
  facet normal -0.989174 0.146746 0
    outer loop
      vertex -74.4711 19.5881 0
      vertex -74.3847 20.1705 6
      vertex -74.3847 20.1705 0
    endloop
  endfacet
  facet normal -0.989174 0.146746 0
    outer loop
      vertex -74.3847 20.1705 6
      vertex -74.4711 19.5881 0
      vertex -74.4711 19.5881 6
    endloop
  endfacet
  facet normal -0.6717 -0.740823 0
    outer loop
      vertex -72.7426 -23.2426 0
      vertex -72.3064 -23.6381 6
      vertex -72.7426 -23.2426 6
    endloop
  endfacet
  facet normal -0.6717 -0.740823 -0
    outer loop
      vertex -72.3064 -23.6381 6
      vertex -72.7426 -23.2426 0
      vertex -72.3064 -23.6381 0
    endloop
  endfacet
  facet normal 0.94158 0.336788 0
    outer loop
      vertex 74.2416 20.7417 6
      vertex 74.0433 21.2961 0
      vertex 74.0433 21.2961 6
    endloop
  endfacet
  facet normal 0.94158 0.336788 0
    outer loop
      vertex 74.0433 21.2961 0
      vertex 74.2416 20.7417 6
      vertex 74.2416 20.7417 0
    endloop
  endfacet
  facet normal -0.998795 0.0490821 0
    outer loop
      vertex -74.5 19 0
      vertex -74.4711 19.5881 6
      vertex -74.4711 19.5881 0
    endloop
  endfacet
  facet normal -0.998795 0.0490821 0
    outer loop
      vertex -74.4711 19.5881 6
      vertex -74.5 19 0
      vertex -74.5 19 6
    endloop
  endfacet
  facet normal 0.427612 0.903962 -0
    outer loop
      vertex 71.3284 24.2915 0
      vertex 70.7961 24.5433 6
      vertex 71.3284 24.2915 6
    endloop
  endfacet
  facet normal 0.427612 0.903962 0
    outer loop
      vertex 70.7961 24.5433 6
      vertex 71.3284 24.2915 0
      vertex 70.7961 24.5433 0
    endloop
  endfacet
  facet normal -0.989174 -0.146746 0
    outer loop
      vertex -74.3847 -20.1705 0
      vertex -74.4711 -19.5881 6
      vertex -74.4711 -19.5881 0
    endloop
  endfacet
  facet normal -0.989174 -0.146746 0
    outer loop
      vertex -74.4711 -19.5881 6
      vertex -74.3847 -20.1705 0
      vertex -74.3847 -20.1705 6
    endloop
  endfacet
  facet normal -0.146746 -0.989174 0
    outer loop
      vertex -69.6705 -24.8847 0
      vertex -69.0881 -24.9711 6
      vertex -69.6705 -24.8847 6
    endloop
  endfacet
  facet normal -0.146746 -0.989174 -0
    outer loop
      vertex -69.0881 -24.9711 6
      vertex -69.6705 -24.8847 0
      vertex -69.0881 -24.9711 0
    endloop
  endfacet
  facet normal 0 1 -0
    outer loop
      vertex 68.5 25 0
      vertex -68.5 25 6
      vertex 68.5 25 6
    endloop
  endfacet
  facet normal 0 1 0
    outer loop
      vertex -68.5 25 6
      vertex 68.5 25 0
      vertex -68.5 25 0
    endloop
  endfacet
  facet normal -0.970023 0.243015 0
    outer loop
      vertex -74.3847 20.1705 0
      vertex -74.2416 20.7417 6
      vertex -74.2416 20.7417 0
    endloop
  endfacet
  facet normal -0.970023 0.243015 0
    outer loop
      vertex -74.2416 20.7417 6
      vertex -74.3847 20.1705 0
      vertex -74.3847 20.1705 6
    endloop
  endfacet
  facet normal 0.989174 -0.146746 0
    outer loop
      vertex 74.3847 -20.1705 6
      vertex 74.4711 -19.5881 0
      vertex 74.4711 -19.5881 6
    endloop
  endfacet
  facet normal 0.989174 -0.146746 0
    outer loop
      vertex 74.4711 -19.5881 0
      vertex 74.3847 -20.1705 6
      vertex 74.3847 -20.1705 0
    endloop
  endfacet
  facet normal 0.6717 -0.740823 0
    outer loop
      vertex 72.3064 -23.6381 0
      vertex 72.7426 -23.2426 6
      vertex 72.3064 -23.6381 6
    endloop
  endfacet
  facet normal 0.6717 -0.740823 0
    outer loop
      vertex 72.7426 -23.2426 6
      vertex 72.3064 -23.6381 0
      vertex 72.7426 -23.2426 0
    endloop
  endfacet
  facet normal -0.146746 0.989174 0
    outer loop
      vertex -69.0881 24.9711 0
      vertex -69.6705 24.8847 6
      vertex -69.0881 24.9711 6
    endloop
  endfacet
  facet normal -0.146746 0.989174 0
    outer loop
      vertex -69.6705 24.8847 6
      vertex -69.0881 24.9711 0
      vertex -69.6705 24.8847 0
    endloop
  endfacet
  facet normal 0.740823 -0.6717 0
    outer loop
      vertex 72.7426 -23.2426 6
      vertex 73.1381 -22.8064 0
      vertex 73.1381 -22.8064 6
    endloop
  endfacet
  facet normal 0.740823 -0.6717 0
    outer loop
      vertex 73.1381 -22.8064 0
      vertex 72.7426 -23.2426 6
      vertex 72.7426 -23.2426 0
    endloop
  endfacet
  facet normal 0.427612 -0.903962 0
    outer loop
      vertex 70.7961 -24.5433 0
      vertex 71.3284 -24.2915 6
      vertex 70.7961 -24.5433 6
    endloop
  endfacet
  facet normal 0.427612 -0.903962 0
    outer loop
      vertex 71.3284 -24.2915 6
      vertex 70.7961 -24.5433 0
      vertex 71.3284 -24.2915 0
    endloop
  endfacet
  facet normal -1 0 0
    outer loop
      vertex -74.5 -19 0
      vertex -74.5 19 6
      vertex -74.5 19 0
    endloop
  endfacet
  facet normal -1 -0 0
    outer loop
      vertex -74.5 19 6
      vertex -74.5 -19 0
      vertex -74.5 -19 6
    endloop
  endfacet
  facet normal -0.998795 -0.0490821 0
    outer loop
      vertex -74.4711 -19.5881 0
      vertex -74.5 -19 6
      vertex -74.5 -19 0
    endloop
  endfacet
  facet normal -0.998795 -0.0490821 0
    outer loop
      vertex -74.5 -19 6
      vertex -74.4711 -19.5881 0
      vertex -74.4711 -19.5881 6
    endloop
  endfacet
  facet normal 0.514121 0.857718 -0
    outer loop
      vertex 71.8334 23.9888 0
      vertex 71.3284 24.2915 6
      vertex 71.8334 23.9888 6
    endloop
  endfacet
  facet normal 0.514121 0.857718 0
    outer loop
      vertex 71.3284 24.2915 6
      vertex 71.8334 23.9888 0
      vertex 71.3284 24.2915 0
    endloop
  endfacet
  facet normal 0.0490821 0.998795 -0
    outer loop
      vertex 69.0881 24.9711 0
      vertex 68.5 25 6
      vertex 69.0881 24.9711 6
    endloop
  endfacet
  facet normal 0.0490821 0.998795 0
    outer loop
      vertex 68.5 25 6
      vertex 69.0881 24.9711 0
      vertex 68.5 25 0
    endloop
  endfacet
  facet normal 0.336788 -0.94158 0
    outer loop
      vertex 70.2417 -24.7416 0
      vertex 70.7961 -24.5433 6
      vertex 70.2417 -24.7416 6
    endloop
  endfacet
  facet normal 0.336788 -0.94158 0
    outer loop
      vertex 70.7961 -24.5433 6
      vertex 70.2417 -24.7416 0
      vertex 70.7961 -24.5433 0
    endloop
  endfacet
  facet normal 1 -0 0
    outer loop
      vertex 74.5 -19 6
      vertex 74.5 19 0
      vertex 74.5 19 6
    endloop
  endfacet
  facet normal 1 0 0
    outer loop
      vertex 74.5 19 0
      vertex 74.5 -19 6
      vertex 74.5 -19 0
    endloop
  endfacet
  facet normal 0.857718 -0.514121 0
    outer loop
      vertex 73.4888 -22.3334 6
      vertex 73.7915 -21.8284 0
      vertex 73.7915 -21.8284 6
    endloop
  endfacet
  facet normal 0.857718 -0.514121 0
    outer loop
      vertex 73.7915 -21.8284 0
      vertex 73.4888 -22.3334 6
      vertex 73.4888 -22.3334 0
    endloop
  endfacet
  facet normal 0.0490821 -0.998795 0
    outer loop
      vertex 68.5 -25 0
      vertex 69.0881 -24.9711 6
      vertex 68.5 -25 6
    endloop
  endfacet
  facet normal 0.0490821 -0.998795 0
    outer loop
      vertex 69.0881 -24.9711 6
      vertex 68.5 -25 0
      vertex 69.0881 -24.9711 0
    endloop
  endfacet
  facet normal 0.970023 -0.243015 0
    outer loop
      vertex 74.2416 -20.7417 6
      vertex 74.3847 -20.1705 0
      vertex 74.3847 -20.1705 6
    endloop
  endfacet
  facet normal 0.970023 -0.243015 0
    outer loop
      vertex 74.3847 -20.1705 0
      vertex 74.2416 -20.7417 6
      vertex 74.2416 -20.7417 0
    endloop
  endfacet
  facet normal 0.243015 0.970023 -0
    outer loop
      vertex 70.2417 24.7416 0
      vertex 69.6705 24.8847 6
      vertex 70.2417 24.7416 6
    endloop
  endfacet
  facet normal 0.243015 0.970023 0
    outer loop
      vertex 69.6705 24.8847 6
      vertex 70.2417 24.7416 0
      vertex 69.6705 24.8847 0
    endloop
  endfacet
  facet normal -0.740823 0.6717 0
    outer loop
      vertex -73.1381 22.8064 0
      vertex -72.7426 23.2426 6
      vertex -72.7426 23.2426 0
    endloop
  endfacet
  facet normal -0.740823 0.6717 0
    outer loop
      vertex -72.7426 23.2426 6
      vertex -73.1381 22.8064 0
      vertex -73.1381 22.8064 6
    endloop
  endfacet
  facet normal -0.336788 -0.94158 0
    outer loop
      vertex -70.7961 -24.5433 0
      vertex -70.2417 -24.7416 6
      vertex -70.7961 -24.5433 6
    endloop
  endfacet
  facet normal -0.336788 -0.94158 -0
    outer loop
      vertex -70.2417 -24.7416 6
      vertex -70.7961 -24.5433 0
      vertex -70.2417 -24.7416 0
    endloop
  endfacet
  facet normal 0.146746 -0.989174 0
    outer loop
      vertex 69.0881 -24.9711 0
      vertex 69.6705 -24.8847 6
      vertex 69.0881 -24.9711 6
    endloop
  endfacet
  facet normal 0.146746 -0.989174 0
    outer loop
      vertex 69.6705 -24.8847 6
      vertex 69.0881 -24.9711 0
      vertex 69.6705 -24.8847 0
    endloop
  endfacet
  facet normal 0.146746 0.989174 -0
    outer loop
      vertex 69.6705 24.8847 0
      vertex 69.0881 24.9711 6
      vertex 69.6705 24.8847 6
    endloop
  endfacet
  facet normal 0.146746 0.989174 0
    outer loop
      vertex 69.0881 24.9711 6
      vertex 69.6705 24.8847 0
      vertex 69.0881 24.9711 0
    endloop
  endfacet
  facet normal 0.903962 -0.427612 0
    outer loop
      vertex 73.7915 -21.8284 6
      vertex 74.0433 -21.2961 0
      vertex 74.0433 -21.2961 6
    endloop
  endfacet
  facet normal 0.903962 -0.427612 0
    outer loop
      vertex 74.0433 -21.2961 0
      vertex 73.7915 -21.8284 6
      vertex 73.7915 -21.8284 0
    endloop
  endfacet
  facet normal 0.803289 0.595589 0
    outer loop
      vertex 73.4888 22.3334 6
      vertex 73.1381 22.8064 0
      vertex 73.1381 22.8064 6
    endloop
  endfacet
  facet normal 0.803289 0.595589 0
    outer loop
      vertex 73.1381 22.8064 0
      vertex 73.4888 22.3334 6
      vertex 73.4888 22.3334 0
    endloop
  endfacet
  facet normal 0.336788 0.94158 -0
    outer loop
      vertex 70.7961 24.5433 0
      vertex 70.2417 24.7416 6
      vertex 70.7961 24.5433 6
    endloop
  endfacet
  facet normal 0.336788 0.94158 0
    outer loop
      vertex 70.2417 24.7416 6
      vertex 70.7961 24.5433 0
      vertex 70.2417 24.7416 0
    endloop
  endfacet
  facet normal -0.0490821 0.998795 0
    outer loop
      vertex -68.5 25 0
      vertex -69.0881 24.9711 6
      vertex -68.5 25 6
    endloop
  endfacet
  facet normal -0.0490821 0.998795 0
    outer loop
      vertex -69.0881 24.9711 6
      vertex -68.5 25 0
      vertex -69.0881 24.9711 0
    endloop
  endfacet
  facet normal -0.427612 -0.903962 0
    outer loop
      vertex -71.3284 -24.2915 0
      vertex -70.7961 -24.5433 6
      vertex -71.3284 -24.2915 6
    endloop
  endfacet
  facet normal -0.427612 -0.903962 -0
    outer loop
      vertex -70.7961 -24.5433 6
      vertex -71.3284 -24.2915 0
      vertex -70.7961 -24.5433 0
    endloop
  endfacet
  facet normal 0.94158 -0.336788 0
    outer loop
      vertex 74.0433 -21.2961 6
      vertex 74.2416 -20.7417 0
      vertex 74.2416 -20.7417 6
    endloop
  endfacet
  facet normal 0.94158 -0.336788 0
    outer loop
      vertex 74.2416 -20.7417 0
      vertex 74.0433 -21.2961 6
      vertex 74.0433 -21.2961 0
    endloop
  endfacet
  facet normal 0.6717 0.740823 -0
    outer loop
      vertex 72.7426 23.2426 0
      vertex 72.3064 23.6381 6
      vertex 72.7426 23.2426 6
    endloop
  endfacet
  facet normal 0.6717 0.740823 0
    outer loop
      vertex 72.3064 23.6381 6
      vertex 72.7426 23.2426 0
      vertex 72.3064 23.6381 0
    endloop
  endfacet
  facet normal -0.94158 -0.336788 0
    outer loop
      vertex -74.0433 -21.2961 0
      vertex -74.2416 -20.7417 6
      vertex -74.2416 -20.7417 0
    endloop
  endfacet
  facet normal -0.94158 -0.336788 0
    outer loop
      vertex -74.2416 -20.7417 6
      vertex -74.0433 -21.2961 0
      vertex -74.0433 -21.2961 6
    endloop
  endfacet
  facet normal -0.94158 0.336788 0
    outer loop
      vertex -74.2416 20.7417 0
      vertex -74.0433 21.2961 6
      vertex -74.0433 21.2961 0
    endloop
  endfacet
  facet normal -0.94158 0.336788 0
    outer loop
      vertex -74.0433 21.2961 6
      vertex -74.2416 20.7417 0
      vertex -74.2416 20.7417 6
    endloop
  endfacet
  facet normal -0.903962 0.427612 0
    outer loop
      vertex -74.0433 21.2961 0
      vertex -73.7915 21.8284 6
      vertex -73.7915 21.8284 0
    endloop
  endfacet
  facet normal -0.903962 0.427612 0
    outer loop
      vertex -73.7915 21.8284 6
      vertex -74.0433 21.2961 0
      vertex -74.0433 21.2961 6
    endloop
  endfacet
  facet normal 0.740823 0.6717 0
    outer loop
      vertex 73.1381 22.8064 6
      vertex 72.7426 23.2426 0
      vertex 72.7426 23.2426 6
    endloop
  endfacet
  facet normal 0.740823 0.6717 0
    outer loop
      vertex 72.7426 23.2426 0
      vertex 73.1381 22.8064 6
      vertex 73.1381 22.8064 0
    endloop
  endfacet
  facet normal 0.243015 -0.970023 0
    outer loop
      vertex 69.6705 -24.8847 0
      vertex 70.2417 -24.7416 6
      vertex 69.6705 -24.8847 6
    endloop
  endfacet
  facet normal 0.243015 -0.970023 0
    outer loop
      vertex 70.2417 -24.7416 6
      vertex 69.6705 -24.8847 0
      vertex 70.2417 -24.7416 0
    endloop
  endfacet
  facet normal -0.803289 0.595589 0
    outer loop
      vertex -73.4888 22.3334 0
      vertex -73.1381 22.8064 6
      vertex -73.1381 22.8064 0
    endloop
  endfacet
  facet normal -0.803289 0.595589 0
    outer loop
      vertex -73.1381 22.8064 6
      vertex -73.4888 22.3334 0
      vertex -73.4888 22.3334 6
    endloop
  endfacet
  facet normal -0.243015 0.970023 0
    outer loop
      vertex -69.6705 24.8847 0
      vertex -70.2417 24.7416 6
      vertex -69.6705 24.8847 6
    endloop
  endfacet
  facet normal -0.243015 0.970023 0
    outer loop
      vertex -70.2417 24.7416 6
      vertex -69.6705 24.8847 0
      vertex -70.2417 24.7416 0
    endloop
  endfacet
  facet normal -0.803289 -0.595589 0
    outer loop
      vertex -73.1381 -22.8064 0
      vertex -73.4888 -22.3334 6
      vertex -73.4888 -22.3334 0
    endloop
  endfacet
  facet normal -0.803289 -0.595589 0
    outer loop
      vertex -73.4888 -22.3334 6
      vertex -73.1381 -22.8064 0
      vertex -73.1381 -22.8064 6
    endloop
  endfacet
  facet normal 0.514121 -0.857718 0
    outer loop
      vertex 71.3284 -24.2915 0
      vertex 71.8334 -23.9888 6
      vertex 71.3284 -24.2915 6
    endloop
  endfacet
  facet normal 0.514121 -0.857718 0
    outer loop
      vertex 71.8334 -23.9888 6
      vertex 71.3284 -24.2915 0
      vertex 71.8334 -23.9888 0
    endloop
  endfacet
  facet normal 0.803289 -0.595589 0
    outer loop
      vertex 73.1381 -22.8064 6
      vertex 73.4888 -22.3334 0
      vertex 73.4888 -22.3334 6
    endloop
  endfacet
  facet normal 0.803289 -0.595589 0
    outer loop
      vertex 73.4888 -22.3334 0
      vertex 73.1381 -22.8064 6
      vertex 73.1381 -22.8064 0
    endloop
  endfacet
  facet normal 0.595589 0.803289 -0
    outer loop
      vertex 72.3064 23.6381 0
      vertex 71.8334 23.9888 6
      vertex 72.3064 23.6381 6
    endloop
  endfacet
  facet normal 0.595589 0.803289 0
    outer loop
      vertex 71.8334 23.9888 6
      vertex 72.3064 23.6381 0
      vertex 71.8334 23.9888 0
    endloop
  endfacet
  facet normal -0.595589 -0.803289 0
    outer loop
      vertex -72.3064 -23.6381 0
      vertex -71.8334 -23.9888 6
      vertex -72.3064 -23.6381 6
    endloop
  endfacet
  facet normal -0.595589 -0.803289 -0
    outer loop
      vertex -71.8334 -23.9888 6
      vertex -72.3064 -23.6381 0
      vertex -71.8334 -23.9888 0
    endloop
  endfacet
  facet normal -0.514121 0.857718 0
    outer loop
      vertex -71.3284 24.2915 0
      vertex -71.8334 23.9888 6
      vertex -71.3284 24.2915 6
    endloop
  endfacet
  facet normal -0.514121 0.857718 0
    outer loop
      vertex -71.8334 23.9888 6
      vertex -71.3284 24.2915 0
      vertex -71.8334 23.9888 0
    endloop
  endfacet
  facet normal -0.740823 -0.6717 0
    outer loop
      vertex -72.7426 -23.2426 0
      vertex -73.1381 -22.8064 6
      vertex -73.1381 -22.8064 0
    endloop
  endfacet
  facet normal -0.740823 -0.6717 0
    outer loop
      vertex -73.1381 -22.8064 6
      vertex -72.7426 -23.2426 0
      vertex -72.7426 -23.2426 6
    endloop
  endfacet
  facet normal -0.243015 -0.970023 0
    outer loop
      vertex -70.2417 -24.7416 0
      vertex -69.6705 -24.8847 6
      vertex -70.2417 -24.7416 6
    endloop
  endfacet
  facet normal -0.243015 -0.970023 -0
    outer loop
      vertex -69.6705 -24.8847 6
      vertex -70.2417 -24.7416 0
      vertex -69.6705 -24.8847 0
    endloop
  endfacet
  facet normal 0.903962 0.427612 0
    outer loop
      vertex 74.0433 21.2961 6
      vertex 73.7915 21.8284 0
      vertex 73.7915 21.8284 6
    endloop
  endfacet
  facet normal 0.903962 0.427612 0
    outer loop
      vertex 73.7915 21.8284 0
      vertex 74.0433 21.2961 6
      vertex 74.0433 21.2961 0
    endloop
  endfacet
  facet normal 0.857718 0.514121 0
    outer loop
      vertex 73.7915 21.8284 6
      vertex 73.4888 22.3334 0
      vertex 73.4888 22.3334 6
    endloop
  endfacet
  facet normal 0.857718 0.514121 0
    outer loop
      vertex 73.4888 22.3334 0
      vertex 73.7915 21.8284 6
      vertex 73.7915 21.8284 0
    endloop
  endfacet
  facet normal -0.595589 0.803289 0
    outer loop
      vertex -71.8334 23.9888 0
      vertex -72.3064 23.6381 6
      vertex -71.8334 23.9888 6
    endloop
  endfacet
  facet normal -0.595589 0.803289 0
    outer loop
      vertex -72.3064 23.6381 6
      vertex -71.8334 23.9888 0
      vertex -72.3064 23.6381 0
    endloop
  endfacet
  facet normal -0.857718 -0.514121 0
    outer loop
      vertex -73.4888 -22.3334 0
      vertex -73.7915 -21.8284 6
      vertex -73.7915 -21.8284 0
    endloop
  endfacet
  facet normal -0.857718 -0.514121 0
    outer loop
      vertex -73.7915 -21.8284 6
      vertex -73.4888 -22.3334 0
      vertex -73.4888 -22.3334 6
    endloop
  endfacet
  facet normal -0.427612 0.903962 0
    outer loop
      vertex -70.7961 24.5433 0
      vertex -71.3284 24.2915 6
      vertex -70.7961 24.5433 6
    endloop
  endfacet
  facet normal -0.427612 0.903962 0
    outer loop
      vertex -71.3284 24.2915 6
      vertex -70.7961 24.5433 0
      vertex -71.3284 24.2915 0
    endloop
  endfacet
  facet normal 0.595589 -0.803289 0
    outer loop
      vertex 71.8334 -23.9888 0
      vertex 72.3064 -23.6381 6
      vertex 71.8334 -23.9888 6
    endloop
  endfacet
  facet normal 0.595589 -0.803289 0
    outer loop
      vertex 72.3064 -23.6381 6
      vertex 71.8334 -23.9888 0
      vertex 72.3064 -23.6381 0
    endloop
  endfacet
  facet normal 0 0 -1
    outer loop
      vertex 63.8657 14.8583 0
      vertex 61.1918 19.8334 0
      vertex 61.2 20 0
    endloop
  endfacet
  facet normal 0 0 -1
    outer loop
      vertex 63.4176 14.9942 0
      vertex 61.1673 19.6683 0
      vertex 61.1918 19.8334 0
    endloop
  endfacet
  facet normal 0 0 -1
    outer loop
      vertex 63.4176 14.9942 0
      vertex 61.1268 19.5065 0
      vertex 61.1673 19.6683 0
    endloop
  endfacet
  facet normal 0 0 -1
    outer loop
      vertex 63.4176 14.9942 0
      vertex 61.0706 19.3494 0
      vertex 61.1268 19.5065 0
    endloop
  endfacet
  facet normal 0 0 -1
    outer loop
      vertex 63.4176 14.9942 0
      vertex 60.9993 19.1986 0
      vertex 61.0706 19.3494 0
    endloop
  endfacet
  facet normal 0 0 -1
    outer loop
      vertex 63.3 15 0
      vertex 60.9135 19.0555 0
      vertex 60.9993 19.1986 0
    endloop
  endfacet
  facet normal 0 0 -1
    outer loop
      vertex 63.3 15 0
      vertex 60.8141 18.9215 0
      vertex 60.9135 19.0555 0
    endloop
  endfacet
  facet normal 0 0 -1
    outer loop
      vertex 63.3 15 0
      vertex 60.7021 18.7979 0
      vertex 60.8141 18.9215 0
    endloop
  endfacet
  facet normal 0 0 -1
    outer loop
      vertex 63.3 15 0
      vertex 60.5785 18.6859 0
      vertex 60.7021 18.7979 0
    endloop
  endfacet
  facet normal 0 0 -1
    outer loop
      vertex 63.3 15 0
      vertex 60.4445 18.5865 0
      vertex 60.5785 18.6859 0
    endloop
  endfacet
  facet normal 0 0 -1
    outer loop
      vertex 63.3 15 0
      vertex 60.3014 18.5007 0
      vertex 60.4445 18.5865 0
    endloop
  endfacet
  facet normal 0 0 -1
    outer loop
      vertex 63.3 15 0
      vertex 60.1506 18.4294 0
      vertex 60.3014 18.5007 0
    endloop
  endfacet
  facet normal 0 0 -1
    outer loop
      vertex 63.3 15 0
      vertex 59.9935 18.3732 0
      vertex 60.1506 18.4294 0
    endloop
  endfacet
  facet normal 0 0 -1
    outer loop
      vertex 63.3 15 0
      vertex 59.8317 18.3327 0
      vertex 59.9935 18.3732 0
    endloop
  endfacet
  facet normal 0 0 -1
    outer loop
      vertex 63.3 15 0
      vertex 59.6666 18.3082 0
      vertex 59.8317 18.3327 0
    endloop
  endfacet
  facet normal 0 0 -1
    outer loop
      vertex 63.3 15 0
      vertex 59.5 18.3 0
      vertex 59.6666 18.3082 0
    endloop
  endfacet
  facet normal 0 0 -1
    outer loop
      vertex 63.3 15 0
      vertex 59.3334 18.3082 0
      vertex 59.5 18.3 0
    endloop
  endfacet
  facet normal 0 0 -1
    outer loop
      vertex 63.3 15 0
      vertex 59.1683 18.3327 0
      vertex 59.3334 18.3082 0
    endloop
  endfacet
  facet normal 0 0 -1
    outer loop
      vertex 63.3 15 0
      vertex 59.0065 18.3732 0
      vertex 59.1683 18.3327 0
    endloop
  endfacet
  facet normal 0 0 -1
    outer loop
      vertex 63.3 15 0
      vertex 58.8494 18.4294 0
      vertex 59.0065 18.3732 0
    endloop
  endfacet
  facet normal 0 0 -1
    outer loop
      vertex 63.3 15 0
      vertex 58.6986 18.5007 0
      vertex 58.8494 18.4294 0
    endloop
  endfacet
  facet normal 0 0 -1
    outer loop
      vertex 63.3 15 0
      vertex 58.5555 18.5865 0
      vertex 58.6986 18.5007 0
    endloop
  endfacet
  facet normal 0 0 -1
    outer loop
      vertex -58.5555 18.5865 0
      vertex 58.5555 18.5865 0
      vertex 63.3 15 0
    endloop
  endfacet
  facet normal 0 0 -1
    outer loop
      vertex 57.8082 19.8334 0
      vertex -57.8 20 0
      vertex 57.8 20 0
    endloop
  endfacet
  facet normal 0 0 -1
    outer loop
      vertex -57.8082 19.8334 0
      vertex 57.8082 19.8334 0
      vertex 57.8327 19.6683 0
    endloop
  endfacet
  facet normal 0 0 -1
    outer loop
      vertex -57.8327 19.6683 0
      vertex 57.8327 19.6683 0
      vertex 57.8732 19.5065 0
    endloop
  endfacet
  facet normal 0 0 -1
    outer loop
      vertex -57.8732 19.5065 0
      vertex 57.8732 19.5065 0
      vertex 57.9294 19.3494 0
    endloop
  endfacet
  facet normal 0 0 -1
    outer loop
      vertex -57.9294 19.3494 0
      vertex 57.9294 19.3494 0
      vertex 58.0007 19.1986 0
    endloop
  endfacet
  facet normal 0 0 -1
    outer loop
      vertex -58.0007 19.1986 0
      vertex 58.0007 19.1986 0
      vertex 58.0865 19.0555 0
    endloop
  endfacet
  facet normal 0 0 -1
    outer loop
      vertex -58.0865 19.0555 0
      vertex 58.0865 19.0555 0
      vertex 58.1859 18.9215 0
    endloop
  endfacet
  facet normal 0 0 -1
    outer loop
      vertex -58.1859 18.9215 0
      vertex 58.1859 18.9215 0
      vertex 58.2979 18.7979 0
    endloop
  endfacet
  facet normal 0 0 -1
    outer loop
      vertex -58.2979 18.7979 0
      vertex 58.2979 18.7979 0
      vertex 58.4215 18.6859 0
    endloop
  endfacet
  facet normal 0 0 -1
    outer loop
      vertex 58.5555 18.5865 0
      vertex -58.5555 18.5865 0
      vertex 58.4215 18.6859 0
    endloop
  endfacet
  facet normal 0 0 -1
    outer loop
      vertex 57.8082 19.8334 0
      vertex -57.8082 19.8334 0
      vertex -57.8 20 0
    endloop
  endfacet
  facet normal 0 0 -1
    outer loop
      vertex 57.8327 19.6683 0
      vertex -57.8327 19.6683 0
      vertex -57.8082 19.8334 0
    endloop
  endfacet
  facet normal 0 0 -1
    outer loop
      vertex 57.8732 19.5065 0
      vertex -57.8732 19.5065 0
      vertex -57.8327 19.6683 0
    endloop
  endfacet
  facet normal 0 0 -1
    outer loop
      vertex 57.9294 19.3494 0
      vertex -57.9294 19.3494 0
      vertex -57.8732 19.5065 0
    endloop
  endfacet
  facet normal 0 0 -1
    outer loop
      vertex 58.0007 19.1986 0
      vertex -58.0007 19.1986 0
      vertex -57.9294 19.3494 0
    endloop
  endfacet
  facet normal 0 0 -1
    outer loop
      vertex 58.0865 19.0555 0
      vertex -58.0865 19.0555 0
      vertex -58.0007 19.1986 0
    endloop
  endfacet
  facet normal 0 0 -1
    outer loop
      vertex 58.1859 18.9215 0
      vertex -58.1859 18.9215 0
      vertex -58.0865 19.0555 0
    endloop
  endfacet
  facet normal 0 0 -1
    outer loop
      vertex 58.2979 18.7979 0
      vertex -58.2979 18.7979 0
      vertex -58.1859 18.9215 0
    endloop
  endfacet
  facet normal 0 0 -1
    outer loop
      vertex 58.4215 18.6859 0
      vertex -58.4215 18.6859 0
      vertex -58.2979 18.7979 0
    endloop
  endfacet
  facet normal -0 0 -1
    outer loop
      vertex 58.4215 18.6859 0
      vertex -58.5555 18.5865 0
      vertex -58.4215 18.6859 0
    endloop
  endfacet
  facet normal 0 0 -1
    outer loop
      vertex -63.3 15 0
      vertex -58.5555 18.5865 0
      vertex 63.3 15 0
    endloop
  endfacet
  facet normal 0 0 -1
    outer loop
      vertex -58.5555 18.5865 0
      vertex -63.3 15 0
      vertex -58.6986 18.5007 0
    endloop
  endfacet
  facet normal 0 0 -1
    outer loop
      vertex -58.6986 18.5007 0
      vertex -63.3 15 0
      vertex -58.8494 18.4294 0
    endloop
  endfacet
  facet normal 0 0 -1
    outer loop
      vertex -58.8494 18.4294 0
      vertex -63.3 15 0
      vertex -59.0065 18.3732 0
    endloop
  endfacet
  facet normal 0 0 -1
    outer loop
      vertex -59.0065 18.3732 0
      vertex -63.3 15 0
      vertex -59.1683 18.3327 0
    endloop
  endfacet
  facet normal 0 0 -1
    outer loop
      vertex -59.1683 18.3327 0
      vertex -63.3 15 0
      vertex -59.3334 18.3082 0
    endloop
  endfacet
  facet normal 0 0 -1
    outer loop
      vertex -63.6483 14.9483 0
      vertex -61.1268 19.5065 0
      vertex -63.5341 14.9769 0
    endloop
  endfacet
  facet normal -0 0 -1
    outer loop
      vertex -61.0706 19.3494 0
      vertex -63.5341 14.9769 0
      vertex -61.1268 19.5065 0
    endloop
  endfacet
  facet normal 0 0 -1
    outer loop
      vertex -63.5341 14.9769 0
      vertex -61.0706 19.3494 0
      vertex -63.4176 14.9942 0
    endloop
  endfacet
  facet normal -0 0 -1
    outer loop
      vertex -60.9993 19.1986 0
      vertex -63.4176 14.9942 0
      vertex -61.0706 19.3494 0
    endloop
  endfacet
  facet normal 0 0 -1
    outer loop
      vertex -63.4176 14.9942 0
      vertex -60.9993 19.1986 0
      vertex -63.3 15 0
    endloop
  endfacet
  facet normal -0 0 -1
    outer loop
      vertex -60.9135 19.0555 0
      vertex -63.3 15 0
      vertex -60.9993 19.1986 0
    endloop
  endfacet
  facet normal -0 0 -1
    outer loop
      vertex -60.8141 18.9215 0
      vertex -63.3 15 0
      vertex -60.9135 19.0555 0
    endloop
  endfacet
  facet normal -0 0 -1
    outer loop
      vertex -60.7021 18.7979 0
      vertex -63.3 15 0
      vertex -60.8141 18.9215 0
    endloop
  endfacet
  facet normal -0 0 -1
    outer loop
      vertex -60.5785 18.6859 0
      vertex -63.3 15 0
      vertex -60.7021 18.7979 0
    endloop
  endfacet
  facet normal -0 0 -1
    outer loop
      vertex -60.4445 18.5865 0
      vertex -63.3 15 0
      vertex -60.5785 18.6859 0
    endloop
  endfacet
  facet normal -0 0 -1
    outer loop
      vertex -60.3014 18.5007 0
      vertex -63.3 15 0
      vertex -60.4445 18.5865 0
    endloop
  endfacet
  facet normal -0 0 -1
    outer loop
      vertex -60.1506 18.4294 0
      vertex -63.3 15 0
      vertex -60.3014 18.5007 0
    endloop
  endfacet
  facet normal -0 0 -1
    outer loop
      vertex -59.9935 18.3732 0
      vertex -63.3 15 0
      vertex -60.1506 18.4294 0
    endloop
  endfacet
  facet normal -0 0 -1
    outer loop
      vertex -59.8317 18.3327 0
      vertex -63.3 15 0
      vertex -59.9935 18.3732 0
    endloop
  endfacet
  facet normal -0 0 -1
    outer loop
      vertex -59.6666 18.3082 0
      vertex -63.3 15 0
      vertex -59.8317 18.3327 0
    endloop
  endfacet
  facet normal -0 0 -1
    outer loop
      vertex -59.5 18.3 0
      vertex -63.3 15 0
      vertex -59.6666 18.3082 0
    endloop
  endfacet
  facet normal 0 0 -1
    outer loop
      vertex -59.3334 18.3082 0
      vertex -63.3 15 0
      vertex -59.5 18.3 0
    endloop
  endfacet
  facet normal 0 0 -1
    outer loop
      vertex 64.1485 -14.6485 0
      vertex 74.5 -19 0
      vertex 74.4711 -19.5881 0
    endloop
  endfacet
  facet normal 0 0 -1
    outer loop
      vertex 74.5 -19 0
      vertex 64.5 -13.8 0
      vertex 74.5 19 0
    endloop
  endfacet
  facet normal 0 0 -1
    outer loop
      vertex 64.1485 -14.6485 0
      vertex 74.4711 -19.5881 0
      vertex 74.3847 -20.1705 0
    endloop
  endfacet
  facet normal 0 0 -1
    outer loop
      vertex 64.5 13.8 0
      vertex 74.5 19 0
      vertex 64.5 -13.8 0
    endloop
  endfacet
  facet normal 0 0 -1
    outer loop
      vertex 64.1485 -14.6485 0
      vertex 74.3847 -20.1705 0
      vertex 74.2416 -20.7417 0
    endloop
  endfacet
  facet normal 0 0 -1
    outer loop
      vertex 64.4942 13.9176 0
      vertex 74.5 19 0
      vertex 64.5 13.8 0
    endloop
  endfacet
  facet normal 0 0 -1
    outer loop
      vertex 64.1485 -14.6485 0
      vertex 74.2416 -20.7417 0
      vertex 74.0433 -21.2961 0
    endloop
  endfacet
  facet normal 0 0 -1
    outer loop
      vertex 64.4769 14.0341 0
      vertex 74.5 19 0
      vertex 64.4942 13.9176 0
    endloop
  endfacet
  facet normal 0 0 -1
    outer loop
      vertex 64.1485 -14.6485 0
      vertex 74.0433 -21.2961 0
      vertex 73.7915 -21.8284 0
    endloop
  endfacet
  facet normal 0 0 -1
    outer loop
      vertex 64.4483 14.1483 0
      vertex 74.5 19 0
      vertex 64.4769 14.0341 0
    endloop
  endfacet
  facet normal 0 0 -1
    outer loop
      vertex 64.1485 -14.6485 0
      vertex 73.7915 -21.8284 0
      vertex 73.4888 -22.3334 0
    endloop
  endfacet
  facet normal 0 0 -1
    outer loop
      vertex 64.4087 14.2592 0
      vertex 74.5 19 0
      vertex 64.4483 14.1483 0
    endloop
  endfacet
  facet normal 0 0 -1
    outer loop
      vertex 64.1485 -14.6485 0
      vertex 73.4888 -22.3334 0
      vertex 73.1381 -22.8064 0
    endloop
  endfacet
  facet normal 0 0 -1
    outer loop
      vertex 64.3583 14.3657 0
      vertex 74.5 19 0
      vertex 64.4087 14.2592 0
    endloop
  endfacet
  facet normal 0 0 -1
    outer loop
      vertex 64.1485 -14.6485 0
      vertex 73.1381 -22.8064 0
      vertex 72.7426 -23.2426 0
    endloop
  endfacet
  facet normal 0 0 -1
    outer loop
      vertex 64.2978 14.4667 0
      vertex 74.5 19 0
      vertex 64.3583 14.3657 0
    endloop
  endfacet
  facet normal 0 0 -1
    outer loop
      vertex 64.1485 -14.6485 0
      vertex 72.7426 -23.2426 0
      vertex 72.3064 -23.6381 0
    endloop
  endfacet
  facet normal 0 0 -1
    outer loop
      vertex 64.2276 14.5613 0
      vertex 74.5 19 0
      vertex 64.2978 14.4667 0
    endloop
  endfacet
  facet normal 0 0 -1
    outer loop
      vertex 64.1485 -14.6485 0
      vertex 72.3064 -23.6381 0
      vertex 71.8334 -23.9888 0
    endloop
  endfacet
  facet normal 0 0 -1
    outer loop
      vertex 64.1485 14.6485 0
      vertex 74.5 19 0
      vertex 64.2276 14.5613 0
    endloop
  endfacet
  facet normal 0 0 -1
    outer loop
      vertex 64.1485 -14.6485 0
      vertex 71.8334 -23.9888 0
      vertex 71.3284 -24.2915 0
    endloop
  endfacet
  facet normal -0 0 -1
    outer loop
      vertex 74.5 19 0
      vertex 64.1485 14.6485 0
      vertex 74.4711 19.5881 0
    endloop
  endfacet
  facet normal 0 0 -1
    outer loop
      vertex 64.1485 -14.6485 0
      vertex 71.3284 -24.2915 0
      vertex 70.7961 -24.5433 0
    endloop
  endfacet
  facet normal -0 0 -1
    outer loop
      vertex 74.4711 19.5881 0
      vertex 64.1485 14.6485 0
      vertex 74.3847 20.1705 0
    endloop
  endfacet
  facet normal 0 0 -1
    outer loop
      vertex 64.1485 -14.6485 0
      vertex 70.7961 -24.5433 0
      vertex 70.2417 -24.7416 0
    endloop
  endfacet
  facet normal -0 0 -1
    outer loop
      vertex 74.3847 20.1705 0
      vertex 64.1485 14.6485 0
      vertex 74.2416 20.7417 0
    endloop
  endfacet
  facet normal 0 0 -1
    outer loop
      vertex 64.1485 -14.6485 0
      vertex 70.2417 -24.7416 0
      vertex 69.6705 -24.8847 0
    endloop
  endfacet
  facet normal -0 0 -1
    outer loop
      vertex 74.2416 20.7417 0
      vertex 64.1485 14.6485 0
      vertex 74.0433 21.2961 0
    endloop
  endfacet
  facet normal 0 0 -1
    outer loop
      vertex 64.1485 -14.6485 0
      vertex 69.6705 -24.8847 0
      vertex 69.0881 -24.9711 0
    endloop
  endfacet
  facet normal -0 0 -1
    outer loop
      vertex 74.0433 21.2961 0
      vertex 64.1485 14.6485 0
      vertex 73.7915 21.8284 0
    endloop
  endfacet
  facet normal 0 0 -1
    outer loop
      vertex 64.1485 -14.6485 0
      vertex 69.0881 -24.9711 0
      vertex 68.5 -25 0
    endloop
  endfacet
  facet normal -0 0 -1
    outer loop
      vertex 73.7915 21.8284 0
      vertex 64.1485 14.6485 0
      vertex 73.4888 22.3334 0
    endloop
  endfacet
  facet normal -0 0 -1
    outer loop
      vertex 73.4888 22.3334 0
      vertex 64.1485 14.6485 0
      vertex 73.1381 22.8064 0
    endloop
  endfacet
  facet normal 0 0 -1
    outer loop
      vertex 74.5 -19 0
      vertex 64.4942 -13.9176 0
      vertex 64.5 -13.8 0
    endloop
  endfacet
  facet normal 0 0 -1
    outer loop
      vertex 74.5 -19 0
      vertex 64.4769 -14.0341 0
      vertex 64.4942 -13.9176 0
    endloop
  endfacet
  facet normal 0 0 -1
    outer loop
      vertex 74.5 -19 0
      vertex 64.4483 -14.1483 0
      vertex 64.4769 -14.0341 0
    endloop
  endfacet
  facet normal 0 0 -1
    outer loop
      vertex 74.5 -19 0
      vertex 64.4087 -14.2592 0
      vertex 64.4483 -14.1483 0
    endloop
  endfacet
  facet normal 0 0 -1
    outer loop
      vertex 74.5 -19 0
      vertex 64.3583 -14.3657 0
      vertex 64.4087 -14.2592 0
    endloop
  endfacet
  facet normal 0 0 -1
    outer loop
      vertex 74.5 -19 0
      vertex 64.2978 -14.4667 0
      vertex 64.3583 -14.3657 0
    endloop
  endfacet
  facet normal 0 0 -1
    outer loop
      vertex 74.5 -19 0
      vertex 64.2276 -14.5613 0
      vertex 64.2978 -14.4667 0
    endloop
  endfacet
  facet normal 0 0 -1
    outer loop
      vertex 74.5 -19 0
      vertex 64.1485 -14.6485 0
      vertex 64.2276 -14.5613 0
    endloop
  endfacet
  facet normal 0 0 -1
    outer loop
      vertex 68.5 -25 0
      vertex 64.0613 -14.7276 0
      vertex 64.1485 -14.6485 0
    endloop
  endfacet
  facet normal 0 0 -1
    outer loop
      vertex 68.5 -25 0
      vertex 63.9667 -14.7978 0
      vertex 64.0613 -14.7276 0
    endloop
  endfacet
  facet normal 0 0 -1
    outer loop
      vertex 68.5 -25 0
      vertex 63.8657 -14.8583 0
      vertex 63.9667 -14.7978 0
    endloop
  endfacet
  facet normal 0 0 -1
    outer loop
      vertex 61.1918 -19.8334 0
      vertex 63.8657 -14.8583 0
      vertex 68.5 -25 0
    endloop
  endfacet
  facet normal 0 0 -1
    outer loop
      vertex 63.8657 -14.8583 0
      vertex 61.1918 -19.8334 0
      vertex 63.7592 -14.9087 0
    endloop
  endfacet
  facet normal 0 0 -1
    outer loop
      vertex 61.1673 -19.6683 0
      vertex 63.7592 -14.9087 0
      vertex 61.1918 -19.8334 0
    endloop
  endfacet
  facet normal 0 0 -1
    outer loop
      vertex 63.7592 -14.9087 0
      vertex 61.1673 -19.6683 0
      vertex 63.6483 -14.9483 0
    endloop
  endfacet
  facet normal 0 0 -1
    outer loop
      vertex 61.1268 -19.5065 0
      vertex 63.6483 -14.9483 0
      vertex 61.1673 -19.6683 0
    endloop
  endfacet
  facet normal 0 0 -1
    outer loop
      vertex 61.1918 -19.8334 0
      vertex 68.5 -25 0
      vertex 61.2 -20 0
    endloop
  endfacet
  facet normal 0 0 -1
    outer loop
      vertex 68.5 -25 0
      vertex 61.1918 -20.1666 0
      vertex 61.2 -20 0
    endloop
  endfacet
  facet normal 0 0 -1
    outer loop
      vertex 68.5 -25 0
      vertex 61.1673 -20.3317 0
      vertex 61.1918 -20.1666 0
    endloop
  endfacet
  facet normal 0 0 -1
    outer loop
      vertex 68.5 -25 0
      vertex 61.1268 -20.4935 0
      vertex 61.1673 -20.3317 0
    endloop
  endfacet
  facet normal 0 0 -1
    outer loop
      vertex 68.5 -25 0
      vertex 61.0706 -20.6506 0
      vertex 61.1268 -20.4935 0
    endloop
  endfacet
  facet normal 0 0 -1
    outer loop
      vertex 68.5 -25 0
      vertex 60.9993 -20.8014 0
      vertex 61.0706 -20.6506 0
    endloop
  endfacet
  facet normal 0 0 -1
    outer loop
      vertex 68.5 -25 0
      vertex 60.9135 -20.9445 0
      vertex 60.9993 -20.8014 0
    endloop
  endfacet
  facet normal 0 0 -1
    outer loop
      vertex 68.5 -25 0
      vertex 60.8141 -21.0785 0
      vertex 60.9135 -20.9445 0
    endloop
  endfacet
  facet normal 0 0 -1
    outer loop
      vertex 68.5 -25 0
      vertex 60.7021 -21.2021 0
      vertex 60.8141 -21.0785 0
    endloop
  endfacet
  facet normal 0 0 -1
    outer loop
      vertex 68.5 -25 0
      vertex 60.5785 -21.3141 0
      vertex 60.7021 -21.2021 0
    endloop
  endfacet
  facet normal 0 0 -1
    outer loop
      vertex 68.5 -25 0
      vertex 60.4445 -21.4135 0
      vertex 60.5785 -21.3141 0
    endloop
  endfacet
  facet normal 0 0 -1
    outer loop
      vertex 68.5 -25 0
      vertex 60.3014 -21.4993 0
      vertex 60.4445 -21.4135 0
    endloop
  endfacet
  facet normal 0 0 -1
    outer loop
      vertex 68.5 -25 0
      vertex 60.1506 -21.5706 0
      vertex 60.3014 -21.4993 0
    endloop
  endfacet
  facet normal 0 0 -1
    outer loop
      vertex 68.5 -25 0
      vertex 59.9935 -21.6268 0
      vertex 60.1506 -21.5706 0
    endloop
  endfacet
  facet normal 0 0 -1
    outer loop
      vertex 68.5 -25 0
      vertex 59.8317 -21.6673 0
      vertex 59.9935 -21.6268 0
    endloop
  endfacet
  facet normal 0 0 -1
    outer loop
      vertex 68.5 -25 0
      vertex 59.6666 -21.6918 0
      vertex 59.8317 -21.6673 0
    endloop
  endfacet
  facet normal 0 0 -1
    outer loop
      vertex 68.5 -25 0
      vertex 59.5 -21.7 0
      vertex 59.6666 -21.6918 0
    endloop
  endfacet
  facet normal 0 0 -1
    outer loop
      vertex 68.5 -25 0
      vertex 59.3334 -21.6918 0
      vertex 59.5 -21.7 0
    endloop
  endfacet
  facet normal 0 0 -1
    outer loop
      vertex 68.5 -25 0
      vertex 59.1683 -21.6673 0
      vertex 59.3334 -21.6918 0
    endloop
  endfacet
  facet normal 0 0 -1
    outer loop
      vertex 68.5 -25 0
      vertex 59.0065 -21.6268 0
      vertex 59.1683 -21.6673 0
    endloop
  endfacet
  facet normal 0 0 -1
    outer loop
      vertex 57.8082 -20.1666 0
      vertex -57.8 -20 0
      vertex 57.8 -20 0
    endloop
  endfacet
  facet normal 0 0 -1
    outer loop
      vertex -57.8082 -20.1666 0
      vertex 57.8082 -20.1666 0
      vertex 57.8327 -20.3317 0
    endloop
  endfacet
  facet normal 0 0 -1
    outer loop
      vertex -57.8327 -20.3317 0
      vertex 57.8327 -20.3317 0
      vertex 57.8732 -20.4935 0
    endloop
  endfacet
  facet normal 0 0 -1
    outer loop
      vertex -57.8732 -20.4935 0
      vertex 57.8732 -20.4935 0
      vertex 57.9294 -20.6506 0
    endloop
  endfacet
  facet normal 0 0 -1
    outer loop
      vertex -57.9294 -20.6506 0
      vertex 57.9294 -20.6506 0
      vertex 58.0007 -20.8014 0
    endloop
  endfacet
  facet normal 0 0 -1
    outer loop
      vertex -58.0007 -20.8014 0
      vertex 58.0007 -20.8014 0
      vertex 58.0865 -20.9445 0
    endloop
  endfacet
  facet normal 0 0 -1
    outer loop
      vertex -58.0865 -20.9445 0
      vertex 58.0865 -20.9445 0
      vertex 58.1859 -21.0785 0
    endloop
  endfacet
  facet normal 0 0 -1
    outer loop
      vertex -58.1859 -21.0785 0
      vertex 58.1859 -21.0785 0
      vertex 58.2979 -21.2021 0
    endloop
  endfacet
  facet normal 0 0 -1
    outer loop
      vertex -58.2979 -21.2021 0
      vertex 58.2979 -21.2021 0
      vertex 58.4215 -21.3141 0
    endloop
  endfacet
  facet normal 0 0 -1
    outer loop
      vertex -58.4215 -21.3141 0
      vertex 58.4215 -21.3141 0
      vertex 58.5555 -21.4135 0
    endloop
  endfacet
  facet normal 0 0 -1
    outer loop
      vertex -58.5555 -21.4135 0
      vertex 58.5555 -21.4135 0
      vertex 58.6986 -21.4993 0
    endloop
  endfacet
  facet normal 0 0 -1
    outer loop
      vertex -58.6986 -21.4993 0
      vertex 58.6986 -21.4993 0
      vertex 58.8494 -21.5706 0
    endloop
  endfacet
  facet normal 0 0 -1
    outer loop
      vertex -58.8494 -21.5706 0
      vertex 58.8494 -21.5706 0
      vertex 59.0065 -21.6268 0
    endloop
  endfacet
  facet normal 0 0 -1
    outer loop
      vertex -59.0065 -21.6268 0
      vertex 59.0065 -21.6268 0
      vertex 68.5 -25 0
    endloop
  endfacet
  facet normal 0 0 -1
    outer loop
      vertex 57.8082 -20.1666 0
      vertex -57.8082 -20.1666 0
      vertex -57.8 -20 0
    endloop
  endfacet
  facet normal 0 0 -1
    outer loop
      vertex 57.8327 -20.3317 0
      vertex -57.8327 -20.3317 0
      vertex -57.8082 -20.1666 0
    endloop
  endfacet
  facet normal 0 0 -1
    outer loop
      vertex 57.8732 -20.4935 0
      vertex -57.8732 -20.4935 0
      vertex -57.8327 -20.3317 0
    endloop
  endfacet
  facet normal 0 0 -1
    outer loop
      vertex 57.9294 -20.6506 0
      vertex -57.9294 -20.6506 0
      vertex -57.8732 -20.4935 0
    endloop
  endfacet
  facet normal 0 0 -1
    outer loop
      vertex 58.0007 -20.8014 0
      vertex -58.0007 -20.8014 0
      vertex -57.9294 -20.6506 0
    endloop
  endfacet
  facet normal 0 0 -1
    outer loop
      vertex 58.0865 -20.9445 0
      vertex -58.0865 -20.9445 0
      vertex -58.0007 -20.8014 0
    endloop
  endfacet
  facet normal 0 0 -1
    outer loop
      vertex 58.1859 -21.0785 0
      vertex -58.1859 -21.0785 0
      vertex -58.0865 -20.9445 0
    endloop
  endfacet
  facet normal 0 0 -1
    outer loop
      vertex 58.2979 -21.2021 0
      vertex -58.2979 -21.2021 0
      vertex -58.1859 -21.0785 0
    endloop
  endfacet
  facet normal 0 0 -1
    outer loop
      vertex 58.4215 -21.3141 0
      vertex -58.4215 -21.3141 0
      vertex -58.2979 -21.2021 0
    endloop
  endfacet
  facet normal 0 0 -1
    outer loop
      vertex 58.5555 -21.4135 0
      vertex -58.5555 -21.4135 0
      vertex -58.4215 -21.3141 0
    endloop
  endfacet
  facet normal 0 0 -1
    outer loop
      vertex 58.6986 -21.4993 0
      vertex -58.6986 -21.4993 0
      vertex -58.5555 -21.4135 0
    endloop
  endfacet
  facet normal 0 0 -1
    outer loop
      vertex 58.8494 -21.5706 0
      vertex -58.8494 -21.5706 0
      vertex -58.6986 -21.4993 0
    endloop
  endfacet
  facet normal 0 0 -1
    outer loop
      vertex 59.0065 -21.6268 0
      vertex -59.0065 -21.6268 0
      vertex -58.8494 -21.5706 0
    endloop
  endfacet
  facet normal 0 0 -1
    outer loop
      vertex -68.5 -25 0
      vertex -59.0065 -21.6268 0
      vertex 68.5 -25 0
    endloop
  endfacet
  facet normal 0 0 -1
    outer loop
      vertex -59.0065 -21.6268 0
      vertex -68.5 -25 0
      vertex -59.1683 -21.6673 0
    endloop
  endfacet
  facet normal 0 0 -1
    outer loop
      vertex -59.1683 -21.6673 0
      vertex -68.5 -25 0
      vertex -59.3334 -21.6918 0
    endloop
  endfacet
  facet normal 0 0 -1
    outer loop
      vertex -68.5 -25 0
      vertex -61.2 -20 0
      vertex -61.1918 -20.1666 0
    endloop
  endfacet
  facet normal 0 0 -1
    outer loop
      vertex -68.5 -25 0
      vertex -61.1918 -20.1666 0
      vertex -61.1673 -20.3317 0
    endloop
  endfacet
  facet normal 0 0 -1
    outer loop
      vertex -68.5 -25 0
      vertex -61.1673 -20.3317 0
      vertex -61.1268 -20.4935 0
    endloop
  endfacet
  facet normal 0 0 -1
    outer loop
      vertex -68.5 -25 0
      vertex -61.1268 -20.4935 0
      vertex -61.0706 -20.6506 0
    endloop
  endfacet
  facet normal 0 0 -1
    outer loop
      vertex -61.2 -20 0
      vertex -63.4176 -14.9942 0
      vertex -63.3 -15 0
    endloop
  endfacet
  facet normal 0 0 -1
    outer loop
      vertex -61.2 -20 0
      vertex -63.5341 -14.9769 0
      vertex -63.4176 -14.9942 0
    endloop
  endfacet
  facet normal 0 0 -1
    outer loop
      vertex -61.2 -20 0
      vertex -63.6483 -14.9483 0
      vertex -63.5341 -14.9769 0
    endloop
  endfacet
  facet normal 0 0 -1
    outer loop
      vertex -61.2 -20 0
      vertex -63.7592 -14.9087 0
      vertex -63.6483 -14.9483 0
    endloop
  endfacet
  facet normal 0 0 -1
    outer loop
      vertex -61.2 -20 0
      vertex -63.8657 -14.8583 0
      vertex -63.7592 -14.9087 0
    endloop
  endfacet
  facet normal 0 0 -1
    outer loop
      vertex -68.5 -25 0
      vertex -61.0706 -20.6506 0
      vertex -60.9993 -20.8014 0
    endloop
  endfacet
  facet normal -0 0 -1
    outer loop
      vertex -61.2 -20 0
      vertex -68.5 -25 0
      vertex -63.8657 -14.8583 0
    endloop
  endfacet
  facet normal -0 0 -1
    outer loop
      vertex -63.8657 -14.8583 0
      vertex -68.5 -25 0
      vertex -63.9667 -14.7978 0
    endloop
  endfacet
  facet normal -0 0 -1
    outer loop
      vertex -63.9667 -14.7978 0
      vertex -68.5 -25 0
      vertex -64.0613 -14.7276 0
    endloop
  endfacet
  facet normal -0 0 -1
    outer loop
      vertex -64.0613 -14.7276 0
      vertex -68.5 -25 0
      vertex -64.1485 -14.6485 0
    endloop
  endfacet
  facet normal 0 0 -1
    outer loop
      vertex -74.5 -19 0
      vertex -64.1485 -14.6485 0
      vertex -68.5 -25 0
    endloop
  endfacet
  facet normal -0 0 -1
    outer loop
      vertex -64.1485 -14.6485 0
      vertex -74.5 -19 0
      vertex -64.2276 -14.5613 0
    endloop
  endfacet
  facet normal -0 0 -1
    outer loop
      vertex -64.4942 -13.9176 0
      vertex -74.5 -19 0
      vertex -64.5 -13.8 0
    endloop
  endfacet
  facet normal -0 0 -1
    outer loop
      vertex -64.4769 -14.0341 0
      vertex -74.5 -19 0
      vertex -64.4942 -13.9176 0
    endloop
  endfacet
  facet normal -0 0 -1
    outer loop
      vertex -64.4483 -14.1483 0
      vertex -74.5 -19 0
      vertex -64.4769 -14.0341 0
    endloop
  endfacet
  facet normal -0 0 -1
    outer loop
      vertex -64.4087 -14.2592 0
      vertex -74.5 -19 0
      vertex -64.4483 -14.1483 0
    endloop
  endfacet
  facet normal -0 0 -1
    outer loop
      vertex -64.3583 -14.3657 0
      vertex -74.5 -19 0
      vertex -64.4087 -14.2592 0
    endloop
  endfacet
  facet normal -0 0 -1
    outer loop
      vertex -64.2978 -14.4667 0
      vertex -74.5 -19 0
      vertex -64.3583 -14.3657 0
    endloop
  endfacet
  facet normal -0 0 -1
    outer loop
      vertex -64.2276 -14.5613 0
      vertex -74.5 -19 0
      vertex -64.2978 -14.4667 0
    endloop
  endfacet
  facet normal -0 0 -1
    outer loop
      vertex -60.9135 -20.9445 0
      vertex -68.5 -25 0
      vertex -60.9993 -20.8014 0
    endloop
  endfacet
  facet normal -0 0 -1
    outer loop
      vertex -60.8141 -21.0785 0
      vertex -68.5 -25 0
      vertex -60.9135 -20.9445 0
    endloop
  endfacet
  facet normal -0 0 -1
    outer loop
      vertex -60.7021 -21.2021 0
      vertex -68.5 -25 0
      vertex -60.8141 -21.0785 0
    endloop
  endfacet
  facet normal -0 0 -1
    outer loop
      vertex -60.5785 -21.3141 0
      vertex -68.5 -25 0
      vertex -60.7021 -21.2021 0
    endloop
  endfacet
  facet normal -0 0 -1
    outer loop
      vertex -60.4445 -21.4135 0
      vertex -68.5 -25 0
      vertex -60.5785 -21.3141 0
    endloop
  endfacet
  facet normal -0 0 -1
    outer loop
      vertex -60.3014 -21.4993 0
      vertex -68.5 -25 0
      vertex -60.4445 -21.4135 0
    endloop
  endfacet
  facet normal -0 0 -1
    outer loop
      vertex -60.1506 -21.5706 0
      vertex -68.5 -25 0
      vertex -60.3014 -21.4993 0
    endloop
  endfacet
  facet normal -0 0 -1
    outer loop
      vertex -59.9935 -21.6268 0
      vertex -68.5 -25 0
      vertex -60.1506 -21.5706 0
    endloop
  endfacet
  facet normal -0 0 -1
    outer loop
      vertex -59.8317 -21.6673 0
      vertex -68.5 -25 0
      vertex -59.9935 -21.6268 0
    endloop
  endfacet
  facet normal -0 0 -1
    outer loop
      vertex -59.6666 -21.6918 0
      vertex -68.5 -25 0
      vertex -59.8317 -21.6673 0
    endloop
  endfacet
  facet normal -0 0 -1
    outer loop
      vertex -59.5 -21.7 0
      vertex -68.5 -25 0
      vertex -59.6666 -21.6918 0
    endloop
  endfacet
  facet normal 0 0 -1
    outer loop
      vertex -59.3334 -21.6918 0
      vertex -68.5 -25 0
      vertex -59.5 -21.7 0
    endloop
  endfacet
  facet normal -0 0 -1
    outer loop
      vertex 73.1381 22.8064 0
      vertex 64.1485 14.6485 0
      vertex 72.7426 23.2426 0
    endloop
  endfacet
  facet normal -0 0 -1
    outer loop
      vertex 72.7426 23.2426 0
      vertex 64.1485 14.6485 0
      vertex 72.3064 23.6381 0
    endloop
  endfacet
  facet normal -0 0 -1
    outer loop
      vertex 72.3064 23.6381 0
      vertex 64.1485 14.6485 0
      vertex 71.8334 23.9888 0
    endloop
  endfacet
  facet normal -0 0 -1
    outer loop
      vertex 71.8334 23.9888 0
      vertex 64.1485 14.6485 0
      vertex 71.3284 24.2915 0
    endloop
  endfacet
  facet normal -0 0 -1
    outer loop
      vertex 71.3284 24.2915 0
      vertex 64.1485 14.6485 0
      vertex 70.7961 24.5433 0
    endloop
  endfacet
  facet normal -0 0 -1
    outer loop
      vertex 70.7961 24.5433 0
      vertex 64.1485 14.6485 0
      vertex 70.2417 24.7416 0
    endloop
  endfacet
  facet normal -0 0 -1
    outer loop
      vertex 70.2417 24.7416 0
      vertex 64.1485 14.6485 0
      vertex 69.6705 24.8847 0
    endloop
  endfacet
  facet normal -0 0 -1
    outer loop
      vertex 69.6705 24.8847 0
      vertex 64.1485 14.6485 0
      vertex 69.0881 24.9711 0
    endloop
  endfacet
  facet normal -0 0 -1
    outer loop
      vertex 69.0881 24.9711 0
      vertex 64.1485 14.6485 0
      vertex 68.5 25 0
    endloop
  endfacet
  facet normal 0 0 -1
    outer loop
      vertex 64.0613 14.7276 0
      vertex 68.5 25 0
      vertex 64.1485 14.6485 0
    endloop
  endfacet
  facet normal 0 0 -1
    outer loop
      vertex 63.9667 14.7978 0
      vertex 68.5 25 0
      vertex 64.0613 14.7276 0
    endloop
  endfacet
  facet normal 0 0 -1
    outer loop
      vertex 63.8657 14.8583 0
      vertex 68.5 25 0
      vertex 63.9667 14.7978 0
    endloop
  endfacet
  facet normal 0 0 -1
    outer loop
      vertex 61.1918 19.8334 0
      vertex 63.8657 14.8583 0
      vertex 63.7592 14.9087 0
    endloop
  endfacet
  facet normal 0 0 -1
    outer loop
      vertex 61.1918 19.8334 0
      vertex 63.7592 14.9087 0
      vertex 63.6483 14.9483 0
    endloop
  endfacet
  facet normal 0 0 -1
    outer loop
      vertex 61.1918 19.8334 0
      vertex 63.6483 14.9483 0
      vertex 63.5341 14.9769 0
    endloop
  endfacet
  facet normal 0 0 -1
    outer loop
      vertex 61.1918 19.8334 0
      vertex 63.5341 14.9769 0
      vertex 63.4176 14.9942 0
    endloop
  endfacet
  facet normal 0 0 -1
    outer loop
      vertex 60.9993 19.1986 0
      vertex 63.4176 14.9942 0
      vertex 63.3 15 0
    endloop
  endfacet
  facet normal 0 0 -1
    outer loop
      vertex 63.8657 14.8583 0
      vertex 61.2 20 0
      vertex 68.5 25 0
    endloop
  endfacet
  facet normal 0 0 -1
    outer loop
      vertex 61.1918 20.1666 0
      vertex 68.5 25 0
      vertex 61.2 20 0
    endloop
  endfacet
  facet normal 0 0 -1
    outer loop
      vertex 61.1673 20.3317 0
      vertex 68.5 25 0
      vertex 61.1918 20.1666 0
    endloop
  endfacet
  facet normal 0 0 -1
    outer loop
      vertex 61.1268 20.4935 0
      vertex 68.5 25 0
      vertex 61.1673 20.3317 0
    endloop
  endfacet
  facet normal 0 0 -1
    outer loop
      vertex 61.0706 20.6506 0
      vertex 68.5 25 0
      vertex 61.1268 20.4935 0
    endloop
  endfacet
  facet normal 0 0 -1
    outer loop
      vertex 60.9993 20.8014 0
      vertex 68.5 25 0
      vertex 61.0706 20.6506 0
    endloop
  endfacet
  facet normal 0 0 -1
    outer loop
      vertex 60.9135 20.9445 0
      vertex 68.5 25 0
      vertex 60.9993 20.8014 0
    endloop
  endfacet
  facet normal 0 0 -1
    outer loop
      vertex 60.8141 21.0785 0
      vertex 68.5 25 0
      vertex 60.9135 20.9445 0
    endloop
  endfacet
  facet normal 0 0 -1
    outer loop
      vertex 60.7021 21.2021 0
      vertex 68.5 25 0
      vertex 60.8141 21.0785 0
    endloop
  endfacet
  facet normal 0 0 -1
    outer loop
      vertex 60.5785 21.3141 0
      vertex 68.5 25 0
      vertex 60.7021 21.2021 0
    endloop
  endfacet
  facet normal 0 0 -1
    outer loop
      vertex 60.4445 21.4135 0
      vertex 68.5 25 0
      vertex 60.5785 21.3141 0
    endloop
  endfacet
  facet normal 0 0 -1
    outer loop
      vertex 60.3014 21.4993 0
      vertex 68.5 25 0
      vertex 60.4445 21.4135 0
    endloop
  endfacet
  facet normal 0 0 -1
    outer loop
      vertex 60.1506 21.5706 0
      vertex 68.5 25 0
      vertex 60.3014 21.4993 0
    endloop
  endfacet
  facet normal 0 0 -1
    outer loop
      vertex 59.9935 21.6268 0
      vertex 68.5 25 0
      vertex 60.1506 21.5706 0
    endloop
  endfacet
  facet normal 0 0 -1
    outer loop
      vertex 59.8317 21.6673 0
      vertex 68.5 25 0
      vertex 59.9935 21.6268 0
    endloop
  endfacet
  facet normal 0 0 -1
    outer loop
      vertex 59.6666 21.6918 0
      vertex 68.5 25 0
      vertex 59.8317 21.6673 0
    endloop
  endfacet
  facet normal 0 0 -1
    outer loop
      vertex 59.5 21.7 0
      vertex 68.5 25 0
      vertex 59.6666 21.6918 0
    endloop
  endfacet
  facet normal 0 0 -1
    outer loop
      vertex 59.3334 21.6918 0
      vertex 68.5 25 0
      vertex 59.5 21.7 0
    endloop
  endfacet
  facet normal 0 0 -1
    outer loop
      vertex 59.1683 21.6673 0
      vertex 68.5 25 0
      vertex 59.3334 21.6918 0
    endloop
  endfacet
  facet normal 0 0 -1
    outer loop
      vertex 59.0065 21.6268 0
      vertex 68.5 25 0
      vertex 59.1683 21.6673 0
    endloop
  endfacet
  facet normal 0 0 -1
    outer loop
      vertex -57.8 20 0
      vertex 57.8082 20.1666 0
      vertex 57.8 20 0
    endloop
  endfacet
  facet normal 0 0 -1
    outer loop
      vertex -57.8082 20.1666 0
      vertex 57.8082 20.1666 0
      vertex -57.8 20 0
    endloop
  endfacet
  facet normal 0 0 -1
    outer loop
      vertex 57.8082 20.1666 0
      vertex -57.8082 20.1666 0
      vertex 57.8327 20.3317 0
    endloop
  endfacet
  facet normal 0 0 -1
    outer loop
      vertex -57.8327 20.3317 0
      vertex 57.8327 20.3317 0
      vertex -57.8082 20.1666 0
    endloop
  endfacet
  facet normal 0 0 -1
    outer loop
      vertex 57.8327 20.3317 0
      vertex -57.8327 20.3317 0
      vertex 57.8732 20.4935 0
    endloop
  endfacet
  facet normal 0 0 -1
    outer loop
      vertex -57.8732 20.4935 0
      vertex 57.8732 20.4935 0
      vertex -57.8327 20.3317 0
    endloop
  endfacet
  facet normal 0 0 -1
    outer loop
      vertex 57.8732 20.4935 0
      vertex -57.8732 20.4935 0
      vertex 57.9294 20.6506 0
    endloop
  endfacet
  facet normal 0 0 -1
    outer loop
      vertex -57.9294 20.6506 0
      vertex 57.9294 20.6506 0
      vertex -57.8732 20.4935 0
    endloop
  endfacet
  facet normal 0 0 -1
    outer loop
      vertex 57.9294 20.6506 0
      vertex -57.9294 20.6506 0
      vertex 58.0007 20.8014 0
    endloop
  endfacet
  facet normal 0 0 -1
    outer loop
      vertex -58.0007 20.8014 0
      vertex 58.0007 20.8014 0
      vertex -57.9294 20.6506 0
    endloop
  endfacet
  facet normal 0 0 -1
    outer loop
      vertex 58.0007 20.8014 0
      vertex -58.0007 20.8014 0
      vertex 58.0865 20.9445 0
    endloop
  endfacet
  facet normal 0 0 -1
    outer loop
      vertex -58.0865 20.9445 0
      vertex 58.0865 20.9445 0
      vertex -58.0007 20.8014 0
    endloop
  endfacet
  facet normal 0 0 -1
    outer loop
      vertex 58.0865 20.9445 0
      vertex -58.0865 20.9445 0
      vertex 58.1859 21.0785 0
    endloop
  endfacet
  facet normal 0 0 -1
    outer loop
      vertex -58.1859 21.0785 0
      vertex 58.1859 21.0785 0
      vertex -58.0865 20.9445 0
    endloop
  endfacet
  facet normal 0 0 -1
    outer loop
      vertex 58.1859 21.0785 0
      vertex -58.1859 21.0785 0
      vertex 58.2979 21.2021 0
    endloop
  endfacet
  facet normal 0 0 -1
    outer loop
      vertex -58.2979 21.2021 0
      vertex 58.2979 21.2021 0
      vertex -58.1859 21.0785 0
    endloop
  endfacet
  facet normal 0 0 -1
    outer loop
      vertex 58.2979 21.2021 0
      vertex -58.2979 21.2021 0
      vertex 58.4215 21.3141 0
    endloop
  endfacet
  facet normal 0 0 -1
    outer loop
      vertex -58.4215 21.3141 0
      vertex 58.4215 21.3141 0
      vertex -58.2979 21.2021 0
    endloop
  endfacet
  facet normal 0 0 -1
    outer loop
      vertex 58.4215 21.3141 0
      vertex -58.4215 21.3141 0
      vertex 58.5555 21.4135 0
    endloop
  endfacet
  facet normal 0 0 -1
    outer loop
      vertex -58.5555 21.4135 0
      vertex 58.5555 21.4135 0
      vertex -58.4215 21.3141 0
    endloop
  endfacet
  facet normal 0 0 -1
    outer loop
      vertex 58.5555 21.4135 0
      vertex -58.5555 21.4135 0
      vertex 58.6986 21.4993 0
    endloop
  endfacet
  facet normal 0 0 -1
    outer loop
      vertex -58.6986 21.4993 0
      vertex 58.6986 21.4993 0
      vertex -58.5555 21.4135 0
    endloop
  endfacet
  facet normal 0 0 -1
    outer loop
      vertex 58.6986 21.4993 0
      vertex -58.6986 21.4993 0
      vertex 58.8494 21.5706 0
    endloop
  endfacet
  facet normal 0 0 -1
    outer loop
      vertex -58.8494 21.5706 0
      vertex 58.8494 21.5706 0
      vertex -58.6986 21.4993 0
    endloop
  endfacet
  facet normal 0 0 -1
    outer loop
      vertex 58.8494 21.5706 0
      vertex -58.8494 21.5706 0
      vertex 59.0065 21.6268 0
    endloop
  endfacet
  facet normal 0 0 -1
    outer loop
      vertex -59.0065 21.6268 0
      vertex 59.0065 21.6268 0
      vertex -58.8494 21.5706 0
    endloop
  endfacet
  facet normal 0 0 -1
    outer loop
      vertex 59.0065 21.6268 0
      vertex -59.0065 21.6268 0
      vertex 68.5 25 0
    endloop
  endfacet
  facet normal 0 0 -1
    outer loop
      vertex -68.5 25 0
      vertex -59.0065 21.6268 0
      vertex -59.1683 21.6673 0
    endloop
  endfacet
  facet normal 0 0 -1
    outer loop
      vertex -68.5 25 0
      vertex -59.1683 21.6673 0
      vertex -59.3334 21.6918 0
    endloop
  endfacet
  facet normal 0 0 -1
    outer loop
      vertex -68.5 25 0
      vertex -59.3334 21.6918 0
      vertex -59.5 21.7 0
    endloop
  endfacet
  facet normal -0 0 -1
    outer loop
      vertex -61.1268 19.5065 0
      vertex -63.6483 14.9483 0
      vertex -61.1673 19.6683 0
    endloop
  endfacet
  facet normal 0 0 -1
    outer loop
      vertex -63.7592 14.9087 0
      vertex -61.1673 19.6683 0
      vertex -63.6483 14.9483 0
    endloop
  endfacet
  facet normal -0 0 -1
    outer loop
      vertex -61.1673 19.6683 0
      vertex -63.7592 14.9087 0
      vertex -61.1918 19.8334 0
    endloop
  endfacet
  facet normal 0 0 -1
    outer loop
      vertex -63.8657 14.8583 0
      vertex -61.1918 19.8334 0
      vertex -63.7592 14.9087 0
    endloop
  endfacet
  facet normal -0 0 -1
    outer loop
      vertex -61.1918 19.8334 0
      vertex -63.8657 14.8583 0
      vertex -61.2 20 0
    endloop
  endfacet
  facet normal 0 0 -1
    outer loop
      vertex -68.5 25 0
      vertex -61.2 20 0
      vertex -63.8657 14.8583 0
    endloop
  endfacet
  facet normal 0 0 -1
    outer loop
      vertex -61.2 20 0
      vertex -68.5 25 0
      vertex -61.1918 20.1666 0
    endloop
  endfacet
  facet normal 0 0 -1
    outer loop
      vertex -61.1918 20.1666 0
      vertex -68.5 25 0
      vertex -61.1673 20.3317 0
    endloop
  endfacet
  facet normal 0 0 -1
    outer loop
      vertex -61.1673 20.3317 0
      vertex -68.5 25 0
      vertex -61.1268 20.4935 0
    endloop
  endfacet
  facet normal 0 0 -1
    outer loop
      vertex -61.1268 20.4935 0
      vertex -68.5 25 0
      vertex -61.0706 20.6506 0
    endloop
  endfacet
  facet normal 0 0 -1
    outer loop
      vertex -68.5 25 0
      vertex -63.8657 14.8583 0
      vertex -63.9667 14.7978 0
    endloop
  endfacet
  facet normal 0 0 -1
    outer loop
      vertex -68.5 25 0
      vertex -63.9667 14.7978 0
      vertex -64.0613 14.7276 0
    endloop
  endfacet
  facet normal 0 0 -1
    outer loop
      vertex -68.5 25 0
      vertex -64.0613 14.7276 0
      vertex -64.1485 14.6485 0
    endloop
  endfacet
  facet normal 0 0 -1
    outer loop
      vertex -74.5 19 0
      vertex -64.1485 14.6485 0
      vertex -64.2276 14.5613 0
    endloop
  endfacet
  facet normal 0 0 -1
    outer loop
      vertex -74.5 19 0
      vertex -64.2276 14.5613 0
      vertex -64.2978 14.4667 0
    endloop
  endfacet
  facet normal 0 0 -1
    outer loop
      vertex -74.5 19 0
      vertex -64.2978 14.4667 0
      vertex -64.3583 14.3657 0
    endloop
  endfacet
  facet normal -0 0 -1
    outer loop
      vertex -64.5 -13.8 0
      vertex -74.5 -19 0
      vertex -64.5 13.8 0
    endloop
  endfacet
  facet normal 0 0 -1
    outer loop
      vertex -59.0065 21.6268 0
      vertex -68.5 25 0
      vertex 68.5 25 0
    endloop
  endfacet
  facet normal 0 0 -1
    outer loop
      vertex -59.6666 21.6918 0
      vertex -68.5 25 0
      vertex -59.5 21.7 0
    endloop
  endfacet
  facet normal 0 0 -1
    outer loop
      vertex -59.8317 21.6673 0
      vertex -68.5 25 0
      vertex -59.6666 21.6918 0
    endloop
  endfacet
  facet normal 0 0 -1
    outer loop
      vertex -59.9935 21.6268 0
      vertex -68.5 25 0
      vertex -59.8317 21.6673 0
    endloop
  endfacet
  facet normal 0 0 -1
    outer loop
      vertex -60.1506 21.5706 0
      vertex -68.5 25 0
      vertex -59.9935 21.6268 0
    endloop
  endfacet
  facet normal 0 0 -1
    outer loop
      vertex -60.3014 21.4993 0
      vertex -68.5 25 0
      vertex -60.1506 21.5706 0
    endloop
  endfacet
  facet normal 0 0 -1
    outer loop
      vertex -60.4445 21.4135 0
      vertex -68.5 25 0
      vertex -60.3014 21.4993 0
    endloop
  endfacet
  facet normal 0 0 -1
    outer loop
      vertex -60.5785 21.3141 0
      vertex -68.5 25 0
      vertex -60.4445 21.4135 0
    endloop
  endfacet
  facet normal 0 0 -1
    outer loop
      vertex -60.7021 21.2021 0
      vertex -68.5 25 0
      vertex -60.5785 21.3141 0
    endloop
  endfacet
  facet normal 0 0 -1
    outer loop
      vertex -60.8141 21.0785 0
      vertex -68.5 25 0
      vertex -60.7021 21.2021 0
    endloop
  endfacet
  facet normal 0 0 -1
    outer loop
      vertex -60.9135 20.9445 0
      vertex -68.5 25 0
      vertex -60.8141 21.0785 0
    endloop
  endfacet
  facet normal 0 0 -1
    outer loop
      vertex -60.9993 20.8014 0
      vertex -68.5 25 0
      vertex -60.9135 20.9445 0
    endloop
  endfacet
  facet normal 0 0 -1
    outer loop
      vertex -61.0706 20.6506 0
      vertex -68.5 25 0
      vertex -60.9993 20.8014 0
    endloop
  endfacet
  facet normal 0 0 -1
    outer loop
      vertex -74.5 19 0
      vertex -64.3583 14.3657 0
      vertex -64.4087 14.2592 0
    endloop
  endfacet
  facet normal 0 0 -1
    outer loop
      vertex -74.5 19 0
      vertex -64.4087 14.2592 0
      vertex -64.4483 14.1483 0
    endloop
  endfacet
  facet normal 0 0 -1
    outer loop
      vertex -74.5 19 0
      vertex -64.4483 14.1483 0
      vertex -64.4769 14.0341 0
    endloop
  endfacet
  facet normal 0 0 -1
    outer loop
      vertex -74.5 19 0
      vertex -64.4769 14.0341 0
      vertex -64.4942 13.9176 0
    endloop
  endfacet
  facet normal 0 0 -1
    outer loop
      vertex -74.5 19 0
      vertex -64.5 13.8 0
      vertex -74.5 -19 0
    endloop
  endfacet
  facet normal 0 0 -1
    outer loop
      vertex -74.5 -19 0
      vertex -68.5 -25 0
      vertex -69.0881 -24.9711 0
    endloop
  endfacet
  facet normal 0 0 -1
    outer loop
      vertex -64.5 13.8 0
      vertex -74.5 19 0
      vertex -64.4942 13.9176 0
    endloop
  endfacet
  facet normal 0 0 -1
    outer loop
      vertex -74.5 -19 0
      vertex -69.0881 -24.9711 0
      vertex -69.6705 -24.8847 0
    endloop
  endfacet
  facet normal 0 0 -1
    outer loop
      vertex -64.1485 14.6485 0
      vertex -74.5 19 0
      vertex -68.5 25 0
    endloop
  endfacet
  facet normal 0 0 -1
    outer loop
      vertex -74.5 -19 0
      vertex -69.6705 -24.8847 0
      vertex -70.2417 -24.7416 0
    endloop
  endfacet
  facet normal 0 0 -1
    outer loop
      vertex -68.5 25 0
      vertex -74.5 19 0
      vertex -69.0881 24.9711 0
    endloop
  endfacet
  facet normal 0 0 -1
    outer loop
      vertex -74.5 -19 0
      vertex -70.2417 -24.7416 0
      vertex -70.7961 -24.5433 0
    endloop
  endfacet
  facet normal 0 0 -1
    outer loop
      vertex -69.0881 24.9711 0
      vertex -74.5 19 0
      vertex -69.6705 24.8847 0
    endloop
  endfacet
  facet normal 0 0 -1
    outer loop
      vertex -74.5 -19 0
      vertex -70.7961 -24.5433 0
      vertex -71.3284 -24.2915 0
    endloop
  endfacet
  facet normal 0 0 -1
    outer loop
      vertex -69.6705 24.8847 0
      vertex -74.5 19 0
      vertex -70.2417 24.7416 0
    endloop
  endfacet
  facet normal 0 0 -1
    outer loop
      vertex -74.5 -19 0
      vertex -71.3284 -24.2915 0
      vertex -71.8334 -23.9888 0
    endloop
  endfacet
  facet normal 0 0 -1
    outer loop
      vertex -70.2417 24.7416 0
      vertex -74.5 19 0
      vertex -70.7961 24.5433 0
    endloop
  endfacet
  facet normal 0 0 -1
    outer loop
      vertex -74.5 -19 0
      vertex -71.8334 -23.9888 0
      vertex -72.3064 -23.6381 0
    endloop
  endfacet
  facet normal 0 0 -1
    outer loop
      vertex -70.7961 24.5433 0
      vertex -74.5 19 0
      vertex -71.3284 24.2915 0
    endloop
  endfacet
  facet normal 0 0 -1
    outer loop
      vertex -74.5 -19 0
      vertex -72.3064 -23.6381 0
      vertex -72.7426 -23.2426 0
    endloop
  endfacet
  facet normal 0 0 -1
    outer loop
      vertex -71.3284 24.2915 0
      vertex -74.5 19 0
      vertex -71.8334 23.9888 0
    endloop
  endfacet
  facet normal 0 0 -1
    outer loop
      vertex -74.5 -19 0
      vertex -72.7426 -23.2426 0
      vertex -73.1381 -22.8064 0
    endloop
  endfacet
  facet normal 0 0 -1
    outer loop
      vertex -71.8334 23.9888 0
      vertex -74.5 19 0
      vertex -72.3064 23.6381 0
    endloop
  endfacet
  facet normal 0 0 -1
    outer loop
      vertex -74.5 -19 0
      vertex -73.1381 -22.8064 0
      vertex -73.4888 -22.3334 0
    endloop
  endfacet
  facet normal 0 0 -1
    outer loop
      vertex -72.3064 23.6381 0
      vertex -74.5 19 0
      vertex -72.7426 23.2426 0
    endloop
  endfacet
  facet normal 0 0 -1
    outer loop
      vertex -74.5 -19 0
      vertex -73.4888 -22.3334 0
      vertex -73.7915 -21.8284 0
    endloop
  endfacet
  facet normal 0 0 -1
    outer loop
      vertex -72.7426 23.2426 0
      vertex -74.5 19 0
      vertex -73.1381 22.8064 0
    endloop
  endfacet
  facet normal 0 0 -1
    outer loop
      vertex -74.5 -19 0
      vertex -73.7915 -21.8284 0
      vertex -74.0433 -21.2961 0
    endloop
  endfacet
  facet normal 0 0 -1
    outer loop
      vertex -73.1381 22.8064 0
      vertex -74.5 19 0
      vertex -73.4888 22.3334 0
    endloop
  endfacet
  facet normal 0 0 -1
    outer loop
      vertex -74.5 -19 0
      vertex -74.0433 -21.2961 0
      vertex -74.2416 -20.7417 0
    endloop
  endfacet
  facet normal 0 0 -1
    outer loop
      vertex -73.4888 22.3334 0
      vertex -74.5 19 0
      vertex -73.7915 21.8284 0
    endloop
  endfacet
  facet normal 0 0 -1
    outer loop
      vertex -74.5 -19 0
      vertex -74.2416 -20.7417 0
      vertex -74.3847 -20.1705 0
    endloop
  endfacet
  facet normal 0 0 -1
    outer loop
      vertex -73.7915 21.8284 0
      vertex -74.5 19 0
      vertex -74.0433 21.2961 0
    endloop
  endfacet
  facet normal 0 0 -1
    outer loop
      vertex -74.5 -19 0
      vertex -74.3847 -20.1705 0
      vertex -74.4711 -19.5881 0
    endloop
  endfacet
  facet normal 0 0 -1
    outer loop
      vertex -74.0433 21.2961 0
      vertex -74.5 19 0
      vertex -74.2416 20.7417 0
    endloop
  endfacet
  facet normal 0 0 -1
    outer loop
      vertex -74.2416 20.7417 0
      vertex -74.5 19 0
      vertex -74.3847 20.1705 0
    endloop
  endfacet
  facet normal 0 0 -1
    outer loop
      vertex -74.3847 20.1705 0
      vertex -74.5 19 0
      vertex -74.4711 19.5881 0
    endloop
  endfacet
  facet normal 0 0 -1
    outer loop
      vertex 63.6483 -14.9483 0
      vertex 61.1268 -19.5065 0
      vertex 63.5341 -14.9769 0
    endloop
  endfacet
  facet normal 0 0 -1
    outer loop
      vertex 61.0706 -19.3494 0
      vertex 63.5341 -14.9769 0
      vertex 61.1268 -19.5065 0
    endloop
  endfacet
  facet normal 0 0 -1
    outer loop
      vertex 63.5341 -14.9769 0
      vertex 61.0706 -19.3494 0
      vertex 63.4176 -14.9942 0
    endloop
  endfacet
  facet normal 0 0 -1
    outer loop
      vertex 60.9993 -19.1986 0
      vertex 63.4176 -14.9942 0
      vertex 61.0706 -19.3494 0
    endloop
  endfacet
  facet normal 0 0 -1
    outer loop
      vertex 63.4176 -14.9942 0
      vertex 60.9993 -19.1986 0
      vertex 63.3 -15 0
    endloop
  endfacet
  facet normal 0 0 -1
    outer loop
      vertex 60.9135 -19.0555 0
      vertex 63.3 -15 0
      vertex 60.9993 -19.1986 0
    endloop
  endfacet
  facet normal 0 0 -1
    outer loop
      vertex 60.8141 -18.9215 0
      vertex 63.3 -15 0
      vertex 60.9135 -19.0555 0
    endloop
  endfacet
  facet normal 0 0 -1
    outer loop
      vertex 60.7021 -18.7979 0
      vertex 63.3 -15 0
      vertex 60.8141 -18.9215 0
    endloop
  endfacet
  facet normal 0 0 -1
    outer loop
      vertex 60.5785 -18.6859 0
      vertex 63.3 -15 0
      vertex 60.7021 -18.7979 0
    endloop
  endfacet
  facet normal 0 0 -1
    outer loop
      vertex 60.4445 -18.5865 0
      vertex 63.3 -15 0
      vertex 60.5785 -18.6859 0
    endloop
  endfacet
  facet normal 0 0 -1
    outer loop
      vertex 60.3014 -18.5007 0
      vertex 63.3 -15 0
      vertex 60.4445 -18.5865 0
    endloop
  endfacet
  facet normal 0 0 -1
    outer loop
      vertex 60.1506 -18.4294 0
      vertex 63.3 -15 0
      vertex 60.3014 -18.5007 0
    endloop
  endfacet
  facet normal 0 0 -1
    outer loop
      vertex 59.9935 -18.3732 0
      vertex 63.3 -15 0
      vertex 60.1506 -18.4294 0
    endloop
  endfacet
  facet normal 0 0 -1
    outer loop
      vertex 59.8317 -18.3327 0
      vertex 63.3 -15 0
      vertex 59.9935 -18.3732 0
    endloop
  endfacet
  facet normal 0 0 -1
    outer loop
      vertex 59.6666 -18.3082 0
      vertex 63.3 -15 0
      vertex 59.8317 -18.3327 0
    endloop
  endfacet
  facet normal 0 0 -1
    outer loop
      vertex 59.5 -18.3 0
      vertex 63.3 -15 0
      vertex 59.6666 -18.3082 0
    endloop
  endfacet
  facet normal 0 0 -1
    outer loop
      vertex 59.3334 -18.3082 0
      vertex 63.3 -15 0
      vertex 59.5 -18.3 0
    endloop
  endfacet
  facet normal 0 0 -1
    outer loop
      vertex 59.1683 -18.3327 0
      vertex 63.3 -15 0
      vertex 59.3334 -18.3082 0
    endloop
  endfacet
  facet normal 0 0 -1
    outer loop
      vertex 59.0065 -18.3732 0
      vertex 63.3 -15 0
      vertex 59.1683 -18.3327 0
    endloop
  endfacet
  facet normal 0 0 -1
    outer loop
      vertex 58.8494 -18.4294 0
      vertex 63.3 -15 0
      vertex 59.0065 -18.3732 0
    endloop
  endfacet
  facet normal 0 0 -1
    outer loop
      vertex 58.6986 -18.5007 0
      vertex 63.3 -15 0
      vertex 58.8494 -18.4294 0
    endloop
  endfacet
  facet normal 0 0 -1
    outer loop
      vertex 58.5555 -18.5865 0
      vertex 63.3 -15 0
      vertex 58.6986 -18.5007 0
    endloop
  endfacet
  facet normal 0 0 -1
    outer loop
      vertex -58.5555 -18.5865 0
      vertex 58.5555 -18.5865 0
      vertex 58.4215 -18.6859 0
    endloop
  endfacet
  facet normal 0 0 -1
    outer loop
      vertex -57.8 -20 0
      vertex 57.8082 -19.8334 0
      vertex 57.8 -20 0
    endloop
  endfacet
  facet normal 0 0 -1
    outer loop
      vertex -57.8082 -19.8334 0
      vertex 57.8082 -19.8334 0
      vertex -57.8 -20 0
    endloop
  endfacet
  facet normal 0 0 -1
    outer loop
      vertex 57.8082 -19.8334 0
      vertex -57.8082 -19.8334 0
      vertex 57.8327 -19.6683 0
    endloop
  endfacet
  facet normal 0 0 -1
    outer loop
      vertex -57.8327 -19.6683 0
      vertex 57.8327 -19.6683 0
      vertex -57.8082 -19.8334 0
    endloop
  endfacet
  facet normal 0 0 -1
    outer loop
      vertex 57.8327 -19.6683 0
      vertex -57.8327 -19.6683 0
      vertex 57.8732 -19.5065 0
    endloop
  endfacet
  facet normal 0 0 -1
    outer loop
      vertex -57.8732 -19.5065 0
      vertex 57.8732 -19.5065 0
      vertex -57.8327 -19.6683 0
    endloop
  endfacet
  facet normal 0 0 -1
    outer loop
      vertex 57.8732 -19.5065 0
      vertex -57.8732 -19.5065 0
      vertex 57.9294 -19.3494 0
    endloop
  endfacet
  facet normal 0 0 -1
    outer loop
      vertex -57.9294 -19.3494 0
      vertex 57.9294 -19.3494 0
      vertex -57.8732 -19.5065 0
    endloop
  endfacet
  facet normal 0 0 -1
    outer loop
      vertex 57.9294 -19.3494 0
      vertex -57.9294 -19.3494 0
      vertex 58.0007 -19.1986 0
    endloop
  endfacet
  facet normal 0 0 -1
    outer loop
      vertex -58.0007 -19.1986 0
      vertex 58.0007 -19.1986 0
      vertex -57.9294 -19.3494 0
    endloop
  endfacet
  facet normal 0 0 -1
    outer loop
      vertex 58.0007 -19.1986 0
      vertex -58.0007 -19.1986 0
      vertex 58.0865 -19.0555 0
    endloop
  endfacet
  facet normal 0 0 -1
    outer loop
      vertex -58.0865 -19.0555 0
      vertex 58.0865 -19.0555 0
      vertex -58.0007 -19.1986 0
    endloop
  endfacet
  facet normal 0 0 -1
    outer loop
      vertex 58.0865 -19.0555 0
      vertex -58.0865 -19.0555 0
      vertex 58.1859 -18.9215 0
    endloop
  endfacet
  facet normal 0 0 -1
    outer loop
      vertex -58.1859 -18.9215 0
      vertex 58.1859 -18.9215 0
      vertex -58.0865 -19.0555 0
    endloop
  endfacet
  facet normal 0 0 -1
    outer loop
      vertex 58.1859 -18.9215 0
      vertex -58.1859 -18.9215 0
      vertex 58.2979 -18.7979 0
    endloop
  endfacet
  facet normal 0 0 -1
    outer loop
      vertex -58.2979 -18.7979 0
      vertex 58.2979 -18.7979 0
      vertex -58.1859 -18.9215 0
    endloop
  endfacet
  facet normal 0 0 -1
    outer loop
      vertex 58.2979 -18.7979 0
      vertex -58.2979 -18.7979 0
      vertex 58.4215 -18.6859 0
    endloop
  endfacet
  facet normal 0 0 -1
    outer loop
      vertex -58.4215 -18.6859 0
      vertex 58.4215 -18.6859 0
      vertex -58.2979 -18.7979 0
    endloop
  endfacet
  facet normal 0 0 -1
    outer loop
      vertex -58.5555 -18.5865 0
      vertex 58.4215 -18.6859 0
      vertex -58.4215 -18.6859 0
    endloop
  endfacet
  facet normal 0 0 -1
    outer loop
      vertex 58.5555 -18.5865 0
      vertex -58.5555 -18.5865 0
      vertex 63.3 -15 0
    endloop
  endfacet
  facet normal 0 0 -1
    outer loop
      vertex -63.3 -15 0
      vertex -58.5555 -18.5865 0
      vertex -58.6986 -18.5007 0
    endloop
  endfacet
  facet normal 0 0 -1
    outer loop
      vertex -63.3 -15 0
      vertex -58.6986 -18.5007 0
      vertex -58.8494 -18.4294 0
    endloop
  endfacet
  facet normal 0 0 -1
    outer loop
      vertex -63.3 -15 0
      vertex -58.8494 -18.4294 0
      vertex -59.0065 -18.3732 0
    endloop
  endfacet
  facet normal 0 0 -1
    outer loop
      vertex -63.3 -15 0
      vertex -59.0065 -18.3732 0
      vertex -59.1683 -18.3327 0
    endloop
  endfacet
  facet normal 0 0 -1
    outer loop
      vertex -63.3 -15 0
      vertex -59.1683 -18.3327 0
      vertex -59.3334 -18.3082 0
    endloop
  endfacet
  facet normal 0 0 -1
    outer loop
      vertex -63.3 -15 0
      vertex -59.3334 -18.3082 0
      vertex -59.5 -18.3 0
    endloop
  endfacet
  facet normal 0 0 -1
    outer loop
      vertex -58.5555 -18.5865 0
      vertex -63.3 -15 0
      vertex 63.3 -15 0
    endloop
  endfacet
  facet normal 0 0 -1
    outer loop
      vertex -59.6666 -18.3082 0
      vertex -63.3 -15 0
      vertex -59.5 -18.3 0
    endloop
  endfacet
  facet normal 0 0 -1
    outer loop
      vertex -59.8317 -18.3327 0
      vertex -63.3 -15 0
      vertex -59.6666 -18.3082 0
    endloop
  endfacet
  facet normal 0 0 -1
    outer loop
      vertex -59.9935 -18.3732 0
      vertex -63.3 -15 0
      vertex -59.8317 -18.3327 0
    endloop
  endfacet
  facet normal 0 0 -1
    outer loop
      vertex -60.1506 -18.4294 0
      vertex -63.3 -15 0
      vertex -59.9935 -18.3732 0
    endloop
  endfacet
  facet normal 0 0 -1
    outer loop
      vertex -60.3014 -18.5007 0
      vertex -63.3 -15 0
      vertex -60.1506 -18.4294 0
    endloop
  endfacet
  facet normal 0 0 -1
    outer loop
      vertex -60.4445 -18.5865 0
      vertex -63.3 -15 0
      vertex -60.3014 -18.5007 0
    endloop
  endfacet
  facet normal 0 0 -1
    outer loop
      vertex -60.5785 -18.6859 0
      vertex -63.3 -15 0
      vertex -60.4445 -18.5865 0
    endloop
  endfacet
  facet normal 0 0 -1
    outer loop
      vertex -60.7021 -18.7979 0
      vertex -63.3 -15 0
      vertex -60.5785 -18.6859 0
    endloop
  endfacet
  facet normal 0 0 -1
    outer loop
      vertex -60.8141 -18.9215 0
      vertex -63.3 -15 0
      vertex -60.7021 -18.7979 0
    endloop
  endfacet
  facet normal 0 0 -1
    outer loop
      vertex -60.9135 -19.0555 0
      vertex -63.3 -15 0
      vertex -60.8141 -18.9215 0
    endloop
  endfacet
  facet normal 0 0 -1
    outer loop
      vertex -60.9993 -19.1986 0
      vertex -63.3 -15 0
      vertex -60.9135 -19.0555 0
    endloop
  endfacet
  facet normal 0 0 -1
    outer loop
      vertex -61.0706 -19.3494 0
      vertex -63.3 -15 0
      vertex -60.9993 -19.1986 0
    endloop
  endfacet
  facet normal 0 0 -1
    outer loop
      vertex -61.1268 -19.5065 0
      vertex -63.3 -15 0
      vertex -61.0706 -19.3494 0
    endloop
  endfacet
  facet normal 0 0 -1
    outer loop
      vertex -61.1673 -19.6683 0
      vertex -63.3 -15 0
      vertex -61.1268 -19.5065 0
    endloop
  endfacet
  facet normal 0 0 -1
    outer loop
      vertex -61.1918 -19.8334 0
      vertex -63.3 -15 0
      vertex -61.1673 -19.6683 0
    endloop
  endfacet
  facet normal 0 0 -1
    outer loop
      vertex -63.3 -15 0
      vertex -61.1918 -19.8334 0
      vertex -61.2 -20 0
    endloop
  endfacet
  facet normal -0.0490821 -0.998795 0
    outer loop
      vertex -69.0881 -24.9711 0
      vertex -68.5 -25 6
      vertex -69.0881 -24.9711 6
    endloop
  endfacet
  facet normal -0.0490821 -0.998795 -0
    outer loop
      vertex -68.5 -25 6
      vertex -69.0881 -24.9711 0
      vertex -68.5 -25 0
    endloop
  endfacet
  facet normal -0.903962 -0.427612 0
    outer loop
      vertex -73.7915 -21.8284 0
      vertex -74.0433 -21.2961 6
      vertex -74.0433 -21.2961 0
    endloop
  endfacet
  facet normal -0.903962 -0.427612 0
    outer loop
      vertex -74.0433 -21.2961 6
      vertex -73.7915 -21.8284 0
      vertex -73.7915 -21.8284 6
    endloop
  endfacet
  facet normal 0 0 1
    outer loop
      vertex 64.5 -16.5 6
      vertex 61.1918 -19.8334 6
      vertex 61.2 -20 6
    endloop
  endfacet
  facet normal 0 0 1
    outer loop
      vertex 64.5 -16.5 6
      vertex 61.1673 -19.6683 6
      vertex 61.1918 -19.8334 6
    endloop
  endfacet
  facet normal 0 0 1
    outer loop
      vertex 64.5 -16.5 6
      vertex 61.1268 -19.5065 6
      vertex 61.1673 -19.6683 6
    endloop
  endfacet
  facet normal 0 0 1
    outer loop
      vertex 64.5 -16.5 6
      vertex 61.0706 -19.3494 6
      vertex 61.1268 -19.5065 6
    endloop
  endfacet
  facet normal 0 0 1
    outer loop
      vertex 64.5 -16.5 6
      vertex 60.9993 -19.1986 6
      vertex 61.0706 -19.3494 6
    endloop
  endfacet
  facet normal 0 0 1
    outer loop
      vertex 64.5 -16.5 6
      vertex 60.9135 -19.0555 6
      vertex 60.9993 -19.1986 6
    endloop
  endfacet
  facet normal 0 0 1
    outer loop
      vertex 64.5 -16.5 6
      vertex 60.8141 -18.9215 6
      vertex 60.9135 -19.0555 6
    endloop
  endfacet
  facet normal 0 0 1
    outer loop
      vertex 64.5 -16.5 6
      vertex 60.7021 -18.7979 6
      vertex 60.8141 -18.9215 6
    endloop
  endfacet
  facet normal 0 0 1
    outer loop
      vertex 64.5 -16.5 6
      vertex 60.5785 -18.6859 6
      vertex 60.7021 -18.7979 6
    endloop
  endfacet
  facet normal 0 0 1
    outer loop
      vertex 64.5 -16.5 6
      vertex 60.4445 -18.5865 6
      vertex 60.5785 -18.6859 6
    endloop
  endfacet
  facet normal 0 0 1
    outer loop
      vertex 64.5 -16.5 6
      vertex 60.3014 -18.5007 6
      vertex 60.4445 -18.5865 6
    endloop
  endfacet
  facet normal 0 0 1
    outer loop
      vertex 64.5 -16.5 6
      vertex 60.1506 -18.4294 6
      vertex 60.3014 -18.5007 6
    endloop
  endfacet
  facet normal 0 0 1
    outer loop
      vertex 64.5 -16.5 6
      vertex 59.9935 -18.3732 6
      vertex 60.1506 -18.4294 6
    endloop
  endfacet
  facet normal 0 0 1
    outer loop
      vertex 64.5 -16.5 6
      vertex 59.8317 -18.3327 6
      vertex 59.9935 -18.3732 6
    endloop
  endfacet
  facet normal 0 0 1
    outer loop
      vertex 64.5 -16.5 6
      vertex 59.6666 -18.3082 6
      vertex 59.8317 -18.3327 6
    endloop
  endfacet
  facet normal 0 0 1
    outer loop
      vertex 64.5 -16.5 6
      vertex 59.5 -18.3 6
      vertex 59.6666 -18.3082 6
    endloop
  endfacet
  facet normal 0 0 1
    outer loop
      vertex 64.5 -16.5 6
      vertex 59.3334 -18.3082 6
      vertex 59.5 -18.3 6
    endloop
  endfacet
  facet normal 0 0 1
    outer loop
      vertex 64.5 -16.5 6
      vertex 59.1683 -18.3327 6
      vertex 59.3334 -18.3082 6
    endloop
  endfacet
  facet normal 0 0 1
    outer loop
      vertex 64.5 -16.5 6
      vertex 59.0065 -18.3732 6
      vertex 59.1683 -18.3327 6
    endloop
  endfacet
  facet normal 0 0 1
    outer loop
      vertex 57.8082 -19.8334 6
      vertex -57.8 -20 6
      vertex 57.8 -20 6
    endloop
  endfacet
  facet normal 0 0 1
    outer loop
      vertex -57.8082 -19.8334 6
      vertex 57.8082 -19.8334 6
      vertex 57.8327 -19.6683 6
    endloop
  endfacet
  facet normal 0 0 1
    outer loop
      vertex -57.8327 -19.6683 6
      vertex 57.8327 -19.6683 6
      vertex 57.8732 -19.5065 6
    endloop
  endfacet
  facet normal 0 0 1
    outer loop
      vertex -57.8732 -19.5065 6
      vertex 57.8732 -19.5065 6
      vertex 57.9294 -19.3494 6
    endloop
  endfacet
  facet normal 0 0 1
    outer loop
      vertex -57.9294 -19.3494 6
      vertex 57.9294 -19.3494 6
      vertex 58.0007 -19.1986 6
    endloop
  endfacet
  facet normal 0 0 1
    outer loop
      vertex -58.0007 -19.1986 6
      vertex 58.0007 -19.1986 6
      vertex 58.0865 -19.0555 6
    endloop
  endfacet
  facet normal 0 0 1
    outer loop
      vertex -58.0865 -19.0555 6
      vertex 58.0865 -19.0555 6
      vertex 58.1859 -18.9215 6
    endloop
  endfacet
  facet normal 0 0 1
    outer loop
      vertex -58.1859 -18.9215 6
      vertex 58.1859 -18.9215 6
      vertex 58.2979 -18.7979 6
    endloop
  endfacet
  facet normal 0 0 1
    outer loop
      vertex -58.2979 -18.7979 6
      vertex 58.2979 -18.7979 6
      vertex 58.4215 -18.6859 6
    endloop
  endfacet
  facet normal 0 0 1
    outer loop
      vertex -58.4215 -18.6859 6
      vertex 58.4215 -18.6859 6
      vertex 58.5555 -18.5865 6
    endloop
  endfacet
  facet normal 0 0 1
    outer loop
      vertex -58.5555 -18.5865 6
      vertex 58.5555 -18.5865 6
      vertex 58.6986 -18.5007 6
    endloop
  endfacet
  facet normal 0 0 1
    outer loop
      vertex -58.6986 -18.5007 6
      vertex 58.6986 -18.5007 6
      vertex 58.8494 -18.4294 6
    endloop
  endfacet
  facet normal 0 0 1
    outer loop
      vertex -58.8494 -18.4294 6
      vertex 58.8494 -18.4294 6
      vertex 59.0065 -18.3732 6
    endloop
  endfacet
  facet normal 0 0 1
    outer loop
      vertex -59.0065 -18.3732 6
      vertex 59.0065 -18.3732 6
      vertex 64.5 -16.5 6
    endloop
  endfacet
  facet normal 0 0 1
    outer loop
      vertex 57.8082 -19.8334 6
      vertex -57.8082 -19.8334 6
      vertex -57.8 -20 6
    endloop
  endfacet
  facet normal 0 0 1
    outer loop
      vertex 57.8327 -19.6683 6
      vertex -57.8327 -19.6683 6
      vertex -57.8082 -19.8334 6
    endloop
  endfacet
  facet normal 0 0 1
    outer loop
      vertex 57.8732 -19.5065 6
      vertex -57.8732 -19.5065 6
      vertex -57.8327 -19.6683 6
    endloop
  endfacet
  facet normal 0 0 1
    outer loop
      vertex 57.9294 -19.3494 6
      vertex -57.9294 -19.3494 6
      vertex -57.8732 -19.5065 6
    endloop
  endfacet
  facet normal 0 0 1
    outer loop
      vertex 58.0007 -19.1986 6
      vertex -58.0007 -19.1986 6
      vertex -57.9294 -19.3494 6
    endloop
  endfacet
  facet normal 0 0 1
    outer loop
      vertex 58.0865 -19.0555 6
      vertex -58.0865 -19.0555 6
      vertex -58.0007 -19.1986 6
    endloop
  endfacet
  facet normal 0 0 1
    outer loop
      vertex 58.1859 -18.9215 6
      vertex -58.1859 -18.9215 6
      vertex -58.0865 -19.0555 6
    endloop
  endfacet
  facet normal 0 0 1
    outer loop
      vertex 58.2979 -18.7979 6
      vertex -58.2979 -18.7979 6
      vertex -58.1859 -18.9215 6
    endloop
  endfacet
  facet normal 0 0 1
    outer loop
      vertex 58.4215 -18.6859 6
      vertex -58.4215 -18.6859 6
      vertex -58.2979 -18.7979 6
    endloop
  endfacet
  facet normal 0 0 1
    outer loop
      vertex 58.5555 -18.5865 6
      vertex -58.5555 -18.5865 6
      vertex -58.4215 -18.6859 6
    endloop
  endfacet
  facet normal 0 0 1
    outer loop
      vertex 58.6986 -18.5007 6
      vertex -58.6986 -18.5007 6
      vertex -58.5555 -18.5865 6
    endloop
  endfacet
  facet normal 0 0 1
    outer loop
      vertex 58.8494 -18.4294 6
      vertex -58.8494 -18.4294 6
      vertex -58.6986 -18.5007 6
    endloop
  endfacet
  facet normal 0 0 1
    outer loop
      vertex 59.0065 -18.3732 6
      vertex -59.0065 -18.3732 6
      vertex -58.8494 -18.4294 6
    endloop
  endfacet
  facet normal -0 0 1
    outer loop
      vertex -64.5 -16.5 6
      vertex -59.0065 -18.3732 6
      vertex 64.5 -16.5 6
    endloop
  endfacet
  facet normal 0 0 1
    outer loop
      vertex -59.0065 -18.3732 6
      vertex -64.5 -16.5 6
      vertex -59.1683 -18.3327 6
    endloop
  endfacet
  facet normal 0 0 1
    outer loop
      vertex -59.1683 -18.3327 6
      vertex -64.5 -16.5 6
      vertex -59.3334 -18.3082 6
    endloop
  endfacet
  facet normal 0 0 1
    outer loop
      vertex -61.1918 -19.8334 6
      vertex -64.5 -16.5 6
      vertex -61.2 -20 6
    endloop
  endfacet
  facet normal 0 0 1
    outer loop
      vertex -61.1673 -19.6683 6
      vertex -64.5 -16.5 6
      vertex -61.1918 -19.8334 6
    endloop
  endfacet
  facet normal 0 0 1
    outer loop
      vertex -61.1268 -19.5065 6
      vertex -64.5 -16.5 6
      vertex -61.1673 -19.6683 6
    endloop
  endfacet
  facet normal 0 0 1
    outer loop
      vertex -61.0706 -19.3494 6
      vertex -64.5 -16.5 6
      vertex -61.1268 -19.5065 6
    endloop
  endfacet
  facet normal 0 0 1
    outer loop
      vertex -60.9993 -19.1986 6
      vertex -64.5 -16.5 6
      vertex -61.0706 -19.3494 6
    endloop
  endfacet
  facet normal 0 0 1
    outer loop
      vertex -60.9135 -19.0555 6
      vertex -64.5 -16.5 6
      vertex -60.9993 -19.1986 6
    endloop
  endfacet
  facet normal 0 0 1
    outer loop
      vertex -60.8141 -18.9215 6
      vertex -64.5 -16.5 6
      vertex -60.9135 -19.0555 6
    endloop
  endfacet
  facet normal 0 0 1
    outer loop
      vertex -60.7021 -18.7979 6
      vertex -64.5 -16.5 6
      vertex -60.8141 -18.9215 6
    endloop
  endfacet
  facet normal 0 0 1
    outer loop
      vertex -60.5785 -18.6859 6
      vertex -64.5 -16.5 6
      vertex -60.7021 -18.7979 6
    endloop
  endfacet
  facet normal 0 0 1
    outer loop
      vertex -60.4445 -18.5865 6
      vertex -64.5 -16.5 6
      vertex -60.5785 -18.6859 6
    endloop
  endfacet
  facet normal 0 0 1
    outer loop
      vertex -60.3014 -18.5007 6
      vertex -64.5 -16.5 6
      vertex -60.4445 -18.5865 6
    endloop
  endfacet
  facet normal 0 0 1
    outer loop
      vertex -60.1506 -18.4294 6
      vertex -64.5 -16.5 6
      vertex -60.3014 -18.5007 6
    endloop
  endfacet
  facet normal 0 0 1
    outer loop
      vertex -59.9935 -18.3732 6
      vertex -64.5 -16.5 6
      vertex -60.1506 -18.4294 6
    endloop
  endfacet
  facet normal 0 0 1
    outer loop
      vertex -59.8317 -18.3327 6
      vertex -64.5 -16.5 6
      vertex -59.9935 -18.3732 6
    endloop
  endfacet
  facet normal 0 0 1
    outer loop
      vertex -59.6666 -18.3082 6
      vertex -64.5 -16.5 6
      vertex -59.8317 -18.3327 6
    endloop
  endfacet
  facet normal 0 0 1
    outer loop
      vertex -59.5 -18.3 6
      vertex -64.5 -16.5 6
      vertex -59.6666 -18.3082 6
    endloop
  endfacet
  facet normal 0 0 1
    outer loop
      vertex -59.3334 -18.3082 6
      vertex -64.5 -16.5 6
      vertex -59.5 -18.3 6
    endloop
  endfacet
  facet normal 0 0 1
    outer loop
      vertex 65.6595 15.9516 6
      vertex 74.5 19 6
      vertex 74.4711 19.5881 6
    endloop
  endfacet
  facet normal 0 0 1
    outer loop
      vertex 74.5 19 6
      vertex 66 15 6
      vertex 74.5 -19 6
    endloop
  endfacet
  facet normal 0 0 1
    outer loop
      vertex 65.6595 15.9516 6
      vertex 74.4711 19.5881 6
      vertex 74.3847 20.1705 6
    endloop
  endfacet
  facet normal -0 0 1
    outer loop
      vertex 66 -15 6
      vertex 74.5 -19 6
      vertex 66 15 6
    endloop
  endfacet
  facet normal 0 0 1
    outer loop
      vertex 65.6595 15.9516 6
      vertex 74.3847 20.1705 6
      vertex 74.2416 20.7417 6
    endloop
  endfacet
  facet normal -0 0 1
    outer loop
      vertex 65.9928 -15.147 6
      vertex 74.5 -19 6
      vertex 66 -15 6
    endloop
  endfacet
  facet normal 0 0 1
    outer loop
      vertex 65.6595 15.9516 6
      vertex 74.2416 20.7417 6
      vertex 74.0433 21.2961 6
    endloop
  endfacet
  facet normal -0 0 1
    outer loop
      vertex 65.9712 -15.2926 6
      vertex 74.5 -19 6
      vertex 65.9928 -15.147 6
    endloop
  endfacet
  facet normal 0 0 1
    outer loop
      vertex 65.6595 15.9516 6
      vertex 74.0433 21.2961 6
      vertex 73.7915 21.8284 6
    endloop
  endfacet
  facet normal -0 0 1
    outer loop
      vertex 65.9354 -15.4354 6
      vertex 74.5 -19 6
      vertex 65.9712 -15.2926 6
    endloop
  endfacet
  facet normal 0 0 1
    outer loop
      vertex 65.5607 16.0607 6
      vertex 73.7915 21.8284 6
      vertex 73.4888 22.3334 6
    endloop
  endfacet
  facet normal -0 0 1
    outer loop
      vertex 65.8858 -15.574 6
      vertex 74.5 -19 6
      vertex 65.9354 -15.4354 6
    endloop
  endfacet
  facet normal 0 0 1
    outer loop
      vertex 65.5607 16.0607 6
      vertex 73.4888 22.3334 6
      vertex 73.1381 22.8064 6
    endloop
  endfacet
  facet normal -0 0 1
    outer loop
      vertex 65.8229 -15.7071 6
      vertex 74.5 -19 6
      vertex 65.8858 -15.574 6
    endloop
  endfacet
  facet normal 0 0 1
    outer loop
      vertex 65.5607 16.0607 6
      vertex 73.1381 22.8064 6
      vertex 72.7426 23.2426 6
    endloop
  endfacet
  facet normal -0 0 1
    outer loop
      vertex 65.7472 -15.8334 6
      vertex 74.5 -19 6
      vertex 65.8229 -15.7071 6
    endloop
  endfacet
  facet normal 0 0 1
    outer loop
      vertex 65.5607 16.0607 6
      vertex 72.7426 23.2426 6
      vertex 72.3064 23.6381 6
    endloop
  endfacet
  facet normal -0 0 1
    outer loop
      vertex 65.6595 -15.9516 6
      vertex 74.5 -19 6
      vertex 65.7472 -15.8334 6
    endloop
  endfacet
  facet normal 0 0 1
    outer loop
      vertex 65.5607 16.0607 6
      vertex 72.3064 23.6381 6
      vertex 71.8334 23.9888 6
    endloop
  endfacet
  facet normal 0 0 1
    outer loop
      vertex 74.5 -19 6
      vertex 65.6595 -15.9516 6
      vertex 74.4711 -19.5881 6
    endloop
  endfacet
  facet normal 0 0 1
    outer loop
      vertex 65.5607 16.0607 6
      vertex 71.8334 23.9888 6
      vertex 71.3284 24.2915 6
    endloop
  endfacet
  facet normal 0 0 1
    outer loop
      vertex 74.4711 -19.5881 6
      vertex 65.6595 -15.9516 6
      vertex 74.3847 -20.1705 6
    endloop
  endfacet
  facet normal 0 0 1
    outer loop
      vertex 65.5607 16.0607 6
      vertex 71.3284 24.2915 6
      vertex 70.7961 24.5433 6
    endloop
  endfacet
  facet normal 0 0 1
    outer loop
      vertex 74.3847 -20.1705 6
      vertex 65.6595 -15.9516 6
      vertex 74.2416 -20.7417 6
    endloop
  endfacet
  facet normal 0 0 1
    outer loop
      vertex 65.4516 16.1595 6
      vertex 70.7961 24.5433 6
      vertex 70.2417 24.7416 6
    endloop
  endfacet
  facet normal 0 0 1
    outer loop
      vertex 74.2416 -20.7417 6
      vertex 65.6595 -15.9516 6
      vertex 74.0433 -21.2961 6
    endloop
  endfacet
  facet normal 0 0 1
    outer loop
      vertex 65.4516 16.1595 6
      vertex 70.2417 24.7416 6
      vertex 69.6705 24.8847 6
    endloop
  endfacet
  facet normal 0 0 1
    outer loop
      vertex 74.0433 -21.2961 6
      vertex 65.6595 -15.9516 6
      vertex 73.7915 -21.8284 6
    endloop
  endfacet
  facet normal 0 0 1
    outer loop
      vertex 65.4516 16.1595 6
      vertex 69.6705 24.8847 6
      vertex 69.0881 24.9711 6
    endloop
  endfacet
  facet normal -0 0 1
    outer loop
      vertex 65.5607 -16.0607 6
      vertex 73.7915 -21.8284 6
      vertex 65.6595 -15.9516 6
    endloop
  endfacet
  facet normal 0 0 1
    outer loop
      vertex 65.4516 16.1595 6
      vertex 69.0881 24.9711 6
      vertex 68.5 25 6
    endloop
  endfacet
  facet normal 0 0 1
    outer loop
      vertex 73.7915 -21.8284 6
      vertex 65.5607 -16.0607 6
      vertex 73.4888 -22.3334 6
    endloop
  endfacet
  facet normal 0 0 1
    outer loop
      vertex 73.4888 -22.3334 6
      vertex 65.5607 -16.0607 6
      vertex 73.1381 -22.8064 6
    endloop
  endfacet
  facet normal 0 0 1
    outer loop
      vertex 74.5 19 6
      vertex 65.9928 15.147 6
      vertex 66 15 6
    endloop
  endfacet
  facet normal 0 0 1
    outer loop
      vertex 74.5 19 6
      vertex 65.9712 15.2926 6
      vertex 65.9928 15.147 6
    endloop
  endfacet
  facet normal 0 0 1
    outer loop
      vertex 74.5 19 6
      vertex 65.9354 15.4354 6
      vertex 65.9712 15.2926 6
    endloop
  endfacet
  facet normal 0 0 1
    outer loop
      vertex 74.5 19 6
      vertex 65.8858 15.574 6
      vertex 65.9354 15.4354 6
    endloop
  endfacet
  facet normal 0 0 1
    outer loop
      vertex 74.5 19 6
      vertex 65.8229 15.7071 6
      vertex 65.8858 15.574 6
    endloop
  endfacet
  facet normal 0 0 1
    outer loop
      vertex 74.5 19 6
      vertex 65.7472 15.8334 6
      vertex 65.8229 15.7071 6
    endloop
  endfacet
  facet normal 0 0 1
    outer loop
      vertex 74.5 19 6
      vertex 65.6595 15.9516 6
      vertex 65.7472 15.8334 6
    endloop
  endfacet
  facet normal 0 0 1
    outer loop
      vertex 73.7915 21.8284 6
      vertex 65.5607 16.0607 6
      vertex 65.6595 15.9516 6
    endloop
  endfacet
  facet normal 0 0 1
    outer loop
      vertex 70.7961 24.5433 6
      vertex 65.4516 16.1595 6
      vertex 65.5607 16.0607 6
    endloop
  endfacet
  facet normal 0 0 1
    outer loop
      vertex 68.5 25 6
      vertex 65.3334 16.2472 6
      vertex 65.4516 16.1595 6
    endloop
  endfacet
  facet normal 0 0 1
    outer loop
      vertex 68.5 25 6
      vertex 65.2071 16.3229 6
      vertex 65.3334 16.2472 6
    endloop
  endfacet
  facet normal 0 0 1
    outer loop
      vertex 68.5 25 6
      vertex 65.074 16.3858 6
      vertex 65.2071 16.3229 6
    endloop
  endfacet
  facet normal 0 0 1
    outer loop
      vertex 68.5 25 6
      vertex 64.9354 16.4354 6
      vertex 65.074 16.3858 6
    endloop
  endfacet
  facet normal 0 0 1
    outer loop
      vertex 68.5 25 6
      vertex 64.7926 16.4712 6
      vertex 64.9354 16.4354 6
    endloop
  endfacet
  facet normal -0 0 1
    outer loop
      vertex 61.1673 20.3317 6
      vertex 64.7926 16.4712 6
      vertex 68.5 25 6
    endloop
  endfacet
  facet normal -0 -0 1
    outer loop
      vertex 61.1918 20.1666 6
      vertex 64.7926 16.4712 6
      vertex 61.1673 20.3317 6
    endloop
  endfacet
  facet normal 0 0 1
    outer loop
      vertex 64.7926 16.4712 6
      vertex 61.1918 20.1666 6
      vertex 64.647 16.4928 6
    endloop
  endfacet
  facet normal 0 0 1
    outer loop
      vertex 64.647 16.4928 6
      vertex 61.2 20 6
      vertex 64.5 16.5 6
    endloop
  endfacet
  facet normal -0 -0 1
    outer loop
      vertex 61.2 20 6
      vertex 64.647 16.4928 6
      vertex 61.1918 20.1666 6
    endloop
  endfacet
  facet normal 0 0 1
    outer loop
      vertex 68.5 25 6
      vertex 61.1268 20.4935 6
      vertex 61.1673 20.3317 6
    endloop
  endfacet
  facet normal 0 0 1
    outer loop
      vertex 68.5 25 6
      vertex 61.0706 20.6506 6
      vertex 61.1268 20.4935 6
    endloop
  endfacet
  facet normal 0 0 1
    outer loop
      vertex 68.5 25 6
      vertex 60.9993 20.8014 6
      vertex 61.0706 20.6506 6
    endloop
  endfacet
  facet normal 0 0 1
    outer loop
      vertex 68.5 25 6
      vertex 60.9135 20.9445 6
      vertex 60.9993 20.8014 6
    endloop
  endfacet
  facet normal 0 0 1
    outer loop
      vertex 68.5 25 6
      vertex 60.8141 21.0785 6
      vertex 60.9135 20.9445 6
    endloop
  endfacet
  facet normal 0 0 1
    outer loop
      vertex 68.5 25 6
      vertex 60.7021 21.2021 6
      vertex 60.8141 21.0785 6
    endloop
  endfacet
  facet normal 0 0 1
    outer loop
      vertex 68.5 25 6
      vertex 60.5785 21.3141 6
      vertex 60.7021 21.2021 6
    endloop
  endfacet
  facet normal 0 0 1
    outer loop
      vertex 68.5 25 6
      vertex 60.4445 21.4135 6
      vertex 60.5785 21.3141 6
    endloop
  endfacet
  facet normal 0 0 1
    outer loop
      vertex 68.5 25 6
      vertex 60.3014 21.4993 6
      vertex 60.4445 21.4135 6
    endloop
  endfacet
  facet normal 0 0 1
    outer loop
      vertex 68.5 25 6
      vertex 60.1506 21.5706 6
      vertex 60.3014 21.4993 6
    endloop
  endfacet
  facet normal 0 0 1
    outer loop
      vertex 68.5 25 6
      vertex 59.9935 21.6268 6
      vertex 60.1506 21.5706 6
    endloop
  endfacet
  facet normal 0 0 1
    outer loop
      vertex 68.5 25 6
      vertex 59.8317 21.6673 6
      vertex 59.9935 21.6268 6
    endloop
  endfacet
  facet normal 0 0 1
    outer loop
      vertex 68.5 25 6
      vertex 59.6666 21.6918 6
      vertex 59.8317 21.6673 6
    endloop
  endfacet
  facet normal 0 0 1
    outer loop
      vertex 68.5 25 6
      vertex 59.5 21.7 6
      vertex 59.6666 21.6918 6
    endloop
  endfacet
  facet normal 0 0 1
    outer loop
      vertex 68.5 25 6
      vertex 59.3334 21.6918 6
      vertex 59.5 21.7 6
    endloop
  endfacet
  facet normal 0 0 1
    outer loop
      vertex 68.5 25 6
      vertex 59.1683 21.6673 6
      vertex 59.3334 21.6918 6
    endloop
  endfacet
  facet normal 0 0 1
    outer loop
      vertex 68.5 25 6
      vertex 59.0065 21.6268 6
      vertex 59.1683 21.6673 6
    endloop
  endfacet
  facet normal 0 0 1
    outer loop
      vertex 57.8082 20.1666 6
      vertex -57.8 20 6
      vertex 57.8 20 6
    endloop
  endfacet
  facet normal 0 0 1
    outer loop
      vertex -57.8082 20.1666 6
      vertex 57.8082 20.1666 6
      vertex 57.8327 20.3317 6
    endloop
  endfacet
  facet normal 0 0 1
    outer loop
      vertex -57.8327 20.3317 6
      vertex 57.8327 20.3317 6
      vertex 57.8732 20.4935 6
    endloop
  endfacet
  facet normal 0 0 1
    outer loop
      vertex -57.8732 20.4935 6
      vertex 57.8732 20.4935 6
      vertex 57.9294 20.6506 6
    endloop
  endfacet
  facet normal 0 0 1
    outer loop
      vertex -57.9294 20.6506 6
      vertex 57.9294 20.6506 6
      vertex 58.0007 20.8014 6
    endloop
  endfacet
  facet normal 0 0 1
    outer loop
      vertex -58.0007 20.8014 6
      vertex 58.0007 20.8014 6
      vertex 58.0865 20.9445 6
    endloop
  endfacet
  facet normal 0 0 1
    outer loop
      vertex -58.0865 20.9445 6
      vertex 58.0865 20.9445 6
      vertex 58.1859 21.0785 6
    endloop
  endfacet
  facet normal 0 0 1
    outer loop
      vertex -58.1859 21.0785 6
      vertex 58.1859 21.0785 6
      vertex 58.2979 21.2021 6
    endloop
  endfacet
  facet normal 0 0 1
    outer loop
      vertex -58.2979 21.2021 6
      vertex 58.2979 21.2021 6
      vertex 58.4215 21.3141 6
    endloop
  endfacet
  facet normal 0 0 1
    outer loop
      vertex -58.4215 21.3141 6
      vertex 58.4215 21.3141 6
      vertex 58.5555 21.4135 6
    endloop
  endfacet
  facet normal 0 0 1
    outer loop
      vertex -58.5555 21.4135 6
      vertex 58.5555 21.4135 6
      vertex 58.6986 21.4993 6
    endloop
  endfacet
  facet normal 0 0 1
    outer loop
      vertex -58.6986 21.4993 6
      vertex 58.6986 21.4993 6
      vertex 58.8494 21.5706 6
    endloop
  endfacet
  facet normal 0 0 1
    outer loop
      vertex -58.8494 21.5706 6
      vertex 58.8494 21.5706 6
      vertex 59.0065 21.6268 6
    endloop
  endfacet
  facet normal 0 0 1
    outer loop
      vertex -59.0065 21.6268 6
      vertex 59.0065 21.6268 6
      vertex 68.5 25 6
    endloop
  endfacet
  facet normal 0 0 1
    outer loop
      vertex 57.8082 20.1666 6
      vertex -57.8082 20.1666 6
      vertex -57.8 20 6
    endloop
  endfacet
  facet normal 0 0 1
    outer loop
      vertex 57.8327 20.3317 6
      vertex -57.8327 20.3317 6
      vertex -57.8082 20.1666 6
    endloop
  endfacet
  facet normal 0 0 1
    outer loop
      vertex 57.8732 20.4935 6
      vertex -57.8732 20.4935 6
      vertex -57.8327 20.3317 6
    endloop
  endfacet
  facet normal 0 0 1
    outer loop
      vertex 57.9294 20.6506 6
      vertex -57.9294 20.6506 6
      vertex -57.8732 20.4935 6
    endloop
  endfacet
  facet normal 0 0 1
    outer loop
      vertex 58.0007 20.8014 6
      vertex -58.0007 20.8014 6
      vertex -57.9294 20.6506 6
    endloop
  endfacet
  facet normal 0 0 1
    outer loop
      vertex 58.0865 20.9445 6
      vertex -58.0865 20.9445 6
      vertex -58.0007 20.8014 6
    endloop
  endfacet
  facet normal 0 0 1
    outer loop
      vertex 58.1859 21.0785 6
      vertex -58.1859 21.0785 6
      vertex -58.0865 20.9445 6
    endloop
  endfacet
  facet normal 0 0 1
    outer loop
      vertex 58.2979 21.2021 6
      vertex -58.2979 21.2021 6
      vertex -58.1859 21.0785 6
    endloop
  endfacet
  facet normal 0 0 1
    outer loop
      vertex 58.4215 21.3141 6
      vertex -58.4215 21.3141 6
      vertex -58.2979 21.2021 6
    endloop
  endfacet
  facet normal 0 0 1
    outer loop
      vertex 58.5555 21.4135 6
      vertex -58.5555 21.4135 6
      vertex -58.4215 21.3141 6
    endloop
  endfacet
  facet normal 0 0 1
    outer loop
      vertex 58.6986 21.4993 6
      vertex -58.6986 21.4993 6
      vertex -58.5555 21.4135 6
    endloop
  endfacet
  facet normal 0 0 1
    outer loop
      vertex 58.8494 21.5706 6
      vertex -58.8494 21.5706 6
      vertex -58.6986 21.4993 6
    endloop
  endfacet
  facet normal 0 0 1
    outer loop
      vertex 59.0065 21.6268 6
      vertex -59.0065 21.6268 6
      vertex -58.8494 21.5706 6
    endloop
  endfacet
  facet normal -0 0 1
    outer loop
      vertex -68.5 25 6
      vertex -59.0065 21.6268 6
      vertex 68.5 25 6
    endloop
  endfacet
  facet normal 0 0 1
    outer loop
      vertex -59.0065 21.6268 6
      vertex -68.5 25 6
      vertex -59.1683 21.6673 6
    endloop
  endfacet
  facet normal 0 0 1
    outer loop
      vertex -59.1683 21.6673 6
      vertex -68.5 25 6
      vertex -59.3334 21.6918 6
    endloop
  endfacet
  facet normal 0 0 1
    outer loop
      vertex -64.647 16.4928 6
      vertex -61.2 20 6
      vertex -61.1918 20.1666 6
    endloop
  endfacet
  facet normal 0 0 1
    outer loop
      vertex -64.7926 16.4712 6
      vertex -61.1918 20.1666 6
      vertex -61.1673 20.3317 6
    endloop
  endfacet
  facet normal 0 0 1
    outer loop
      vertex -68.5 25 6
      vertex -61.1673 20.3317 6
      vertex -61.1268 20.4935 6
    endloop
  endfacet
  facet normal 0 0 1
    outer loop
      vertex -68.5 25 6
      vertex -61.1268 20.4935 6
      vertex -61.0706 20.6506 6
    endloop
  endfacet
  facet normal 0 0 1
    outer loop
      vertex -68.5 25 6
      vertex -61.0706 20.6506 6
      vertex -60.9993 20.8014 6
    endloop
  endfacet
  facet normal 0 0 1
    outer loop
      vertex -68.5 25 6
      vertex -60.9993 20.8014 6
      vertex -60.9135 20.9445 6
    endloop
  endfacet
  facet normal 0 0 1
    outer loop
      vertex -68.5 25 6
      vertex -60.9135 20.9445 6
      vertex -60.8141 21.0785 6
    endloop
  endfacet
  facet normal 0 0 1
    outer loop
      vertex -61.2 20 6
      vertex -64.647 16.4928 6
      vertex -64.5 16.5 6
    endloop
  endfacet
  facet normal 0 0 1
    outer loop
      vertex -61.1918 20.1666 6
      vertex -64.7926 16.4712 6
      vertex -64.647 16.4928 6
    endloop
  endfacet
  facet normal 0 0 1
    outer loop
      vertex -61.1673 20.3317 6
      vertex -68.5 25 6
      vertex -64.7926 16.4712 6
    endloop
  endfacet
  facet normal 0 0 1
    outer loop
      vertex -64.7926 16.4712 6
      vertex -68.5 25 6
      vertex -64.9354 16.4354 6
    endloop
  endfacet
  facet normal 0 0 1
    outer loop
      vertex -68.5 25 6
      vertex -60.8141 21.0785 6
      vertex -60.7021 21.2021 6
    endloop
  endfacet
  facet normal 0 0 1
    outer loop
      vertex -64.9354 16.4354 6
      vertex -68.5 25 6
      vertex -65.074 16.3858 6
    endloop
  endfacet
  facet normal 0 0 1
    outer loop
      vertex -65.074 16.3858 6
      vertex -68.5 25 6
      vertex -65.2071 16.3229 6
    endloop
  endfacet
  facet normal 0 0 1
    outer loop
      vertex -65.2071 16.3229 6
      vertex -68.5 25 6
      vertex -65.3334 16.2472 6
    endloop
  endfacet
  facet normal 0 0 1
    outer loop
      vertex -65.3334 16.2472 6
      vertex -68.5 25 6
      vertex -65.4516 16.1595 6
    endloop
  endfacet
  facet normal -0 0 1
    outer loop
      vertex -73.1381 22.8064 6
      vertex -65.5607 16.0607 6
      vertex -72.7426 23.2426 6
    endloop
  endfacet
  facet normal -0 0 1
    outer loop
      vertex -72.7426 23.2426 6
      vertex -65.5607 16.0607 6
      vertex -72.3064 23.6381 6
    endloop
  endfacet
  facet normal -0 0 1
    outer loop
      vertex -72.3064 23.6381 6
      vertex -65.5607 16.0607 6
      vertex -71.8334 23.9888 6
    endloop
  endfacet
  facet normal -0 0 1
    outer loop
      vertex -71.8334 23.9888 6
      vertex -65.5607 16.0607 6
      vertex -71.3284 24.2915 6
    endloop
  endfacet
  facet normal -0 0 1
    outer loop
      vertex -71.3284 24.2915 6
      vertex -65.5607 16.0607 6
      vertex -70.7961 24.5433 6
    endloop
  endfacet
  facet normal 0 0 1
    outer loop
      vertex -65.4516 16.1595 6
      vertex -70.7961 24.5433 6
      vertex -65.5607 16.0607 6
    endloop
  endfacet
  facet normal -0 0 1
    outer loop
      vertex -70.7961 24.5433 6
      vertex -65.4516 16.1595 6
      vertex -70.2417 24.7416 6
    endloop
  endfacet
  facet normal -0 0 1
    outer loop
      vertex -70.2417 24.7416 6
      vertex -65.4516 16.1595 6
      vertex -69.6705 24.8847 6
    endloop
  endfacet
  facet normal -0 0 1
    outer loop
      vertex -69.6705 24.8847 6
      vertex -65.4516 16.1595 6
      vertex -69.0881 24.9711 6
    endloop
  endfacet
  facet normal -0 0 1
    outer loop
      vertex -69.0881 24.9711 6
      vertex -65.4516 16.1595 6
      vertex -68.5 25 6
    endloop
  endfacet
  facet normal 0 0 1
    outer loop
      vertex -60.5785 21.3141 6
      vertex -68.5 25 6
      vertex -60.7021 21.2021 6
    endloop
  endfacet
  facet normal 0 0 1
    outer loop
      vertex -60.4445 21.4135 6
      vertex -68.5 25 6
      vertex -60.5785 21.3141 6
    endloop
  endfacet
  facet normal 0 0 1
    outer loop
      vertex -60.3014 21.4993 6
      vertex -68.5 25 6
      vertex -60.4445 21.4135 6
    endloop
  endfacet
  facet normal 0 0 1
    outer loop
      vertex -60.1506 21.5706 6
      vertex -68.5 25 6
      vertex -60.3014 21.4993 6
    endloop
  endfacet
  facet normal 0 0 1
    outer loop
      vertex -59.9935 21.6268 6
      vertex -68.5 25 6
      vertex -60.1506 21.5706 6
    endloop
  endfacet
  facet normal 0 0 1
    outer loop
      vertex -59.8317 21.6673 6
      vertex -68.5 25 6
      vertex -59.9935 21.6268 6
    endloop
  endfacet
  facet normal 0 0 1
    outer loop
      vertex -59.6666 21.6918 6
      vertex -68.5 25 6
      vertex -59.8317 21.6673 6
    endloop
  endfacet
  facet normal 0 0 1
    outer loop
      vertex -59.5 21.7 6
      vertex -68.5 25 6
      vertex -59.6666 21.6918 6
    endloop
  endfacet
  facet normal 0 0 1
    outer loop
      vertex -59.3334 21.6918 6
      vertex -68.5 25 6
      vertex -59.5 21.7 6
    endloop
  endfacet
  facet normal 0 0 1
    outer loop
      vertex 73.1381 -22.8064 6
      vertex 65.5607 -16.0607 6
      vertex 72.7426 -23.2426 6
    endloop
  endfacet
  facet normal 0 0 1
    outer loop
      vertex 72.7426 -23.2426 6
      vertex 65.5607 -16.0607 6
      vertex 72.3064 -23.6381 6
    endloop
  endfacet
  facet normal 0 0 1
    outer loop
      vertex 72.3064 -23.6381 6
      vertex 65.5607 -16.0607 6
      vertex 71.8334 -23.9888 6
    endloop
  endfacet
  facet normal 0 0 1
    outer loop
      vertex 71.8334 -23.9888 6
      vertex 65.5607 -16.0607 6
      vertex 71.3284 -24.2915 6
    endloop
  endfacet
  facet normal 0 0 1
    outer loop
      vertex 71.3284 -24.2915 6
      vertex 65.5607 -16.0607 6
      vertex 70.7961 -24.5433 6
    endloop
  endfacet
  facet normal -0 0 1
    outer loop
      vertex 65.4516 -16.1595 6
      vertex 70.7961 -24.5433 6
      vertex 65.5607 -16.0607 6
    endloop
  endfacet
  facet normal 0 0 1
    outer loop
      vertex 70.7961 -24.5433 6
      vertex 65.4516 -16.1595 6
      vertex 70.2417 -24.7416 6
    endloop
  endfacet
  facet normal 0 0 1
    outer loop
      vertex 70.2417 -24.7416 6
      vertex 65.4516 -16.1595 6
      vertex 69.6705 -24.8847 6
    endloop
  endfacet
  facet normal 0 0 1
    outer loop
      vertex 69.6705 -24.8847 6
      vertex 65.4516 -16.1595 6
      vertex 69.0881 -24.9711 6
    endloop
  endfacet
  facet normal 0 0 1
    outer loop
      vertex 69.0881 -24.9711 6
      vertex 65.4516 -16.1595 6
      vertex 68.5 -25 6
    endloop
  endfacet
  facet normal -0 0 1
    outer loop
      vertex 65.3334 -16.2472 6
      vertex 68.5 -25 6
      vertex 65.4516 -16.1595 6
    endloop
  endfacet
  facet normal -0 0 1
    outer loop
      vertex 65.2071 -16.3229 6
      vertex 68.5 -25 6
      vertex 65.3334 -16.2472 6
    endloop
  endfacet
  facet normal -0 0 1
    outer loop
      vertex 65.074 -16.3858 6
      vertex 68.5 -25 6
      vertex 65.2071 -16.3229 6
    endloop
  endfacet
  facet normal -0 0 1
    outer loop
      vertex 64.9354 -16.4354 6
      vertex 68.5 -25 6
      vertex 65.074 -16.3858 6
    endloop
  endfacet
  facet normal -0 0 1
    outer loop
      vertex 64.7926 -16.4712 6
      vertex 68.5 -25 6
      vertex 64.9354 -16.4354 6
    endloop
  endfacet
  facet normal 0 0 1
    outer loop
      vertex 61.1918 -20.1666 6
      vertex 64.7926 -16.4712 6
      vertex 64.647 -16.4928 6
    endloop
  endfacet
  facet normal 0 0 1
    outer loop
      vertex 61.2 -20 6
      vertex 64.647 -16.4928 6
      vertex 64.5 -16.5 6
    endloop
  endfacet
  facet normal 0 0 1
    outer loop
      vertex 64.647 -16.4928 6
      vertex 61.2 -20 6
      vertex 61.1918 -20.1666 6
    endloop
  endfacet
  facet normal 0 0 1
    outer loop
      vertex 64.7926 -16.4712 6
      vertex 61.1918 -20.1666 6
      vertex 61.1673 -20.3317 6
    endloop
  endfacet
  facet normal 0 0 1
    outer loop
      vertex 64.7926 -16.4712 6
      vertex 61.1673 -20.3317 6
      vertex 68.5 -25 6
    endloop
  endfacet
  facet normal -0 0 1
    outer loop
      vertex 61.1268 -20.4935 6
      vertex 68.5 -25 6
      vertex 61.1673 -20.3317 6
    endloop
  endfacet
  facet normal -0 0 1
    outer loop
      vertex 61.0706 -20.6506 6
      vertex 68.5 -25 6
      vertex 61.1268 -20.4935 6
    endloop
  endfacet
  facet normal -0 0 1
    outer loop
      vertex 60.9993 -20.8014 6
      vertex 68.5 -25 6
      vertex 61.0706 -20.6506 6
    endloop
  endfacet
  facet normal -0 0 1
    outer loop
      vertex 60.9135 -20.9445 6
      vertex 68.5 -25 6
      vertex 60.9993 -20.8014 6
    endloop
  endfacet
  facet normal -0 0 1
    outer loop
      vertex 60.8141 -21.0785 6
      vertex 68.5 -25 6
      vertex 60.9135 -20.9445 6
    endloop
  endfacet
  facet normal -0 0 1
    outer loop
      vertex 60.7021 -21.2021 6
      vertex 68.5 -25 6
      vertex 60.8141 -21.0785 6
    endloop
  endfacet
  facet normal -0 0 1
    outer loop
      vertex 60.5785 -21.3141 6
      vertex 68.5 -25 6
      vertex 60.7021 -21.2021 6
    endloop
  endfacet
  facet normal -0 0 1
    outer loop
      vertex 60.4445 -21.4135 6
      vertex 68.5 -25 6
      vertex 60.5785 -21.3141 6
    endloop
  endfacet
  facet normal -0 0 1
    outer loop
      vertex 60.3014 -21.4993 6
      vertex 68.5 -25 6
      vertex 60.4445 -21.4135 6
    endloop
  endfacet
  facet normal -0 0 1
    outer loop
      vertex 60.1506 -21.5706 6
      vertex 68.5 -25 6
      vertex 60.3014 -21.4993 6
    endloop
  endfacet
  facet normal -0 0 1
    outer loop
      vertex 59.9935 -21.6268 6
      vertex 68.5 -25 6
      vertex 60.1506 -21.5706 6
    endloop
  endfacet
  facet normal -0 0 1
    outer loop
      vertex 59.8317 -21.6673 6
      vertex 68.5 -25 6
      vertex 59.9935 -21.6268 6
    endloop
  endfacet
  facet normal -0 0 1
    outer loop
      vertex 59.6666 -21.6918 6
      vertex 68.5 -25 6
      vertex 59.8317 -21.6673 6
    endloop
  endfacet
  facet normal -0 0 1
    outer loop
      vertex 59.5 -21.7 6
      vertex 68.5 -25 6
      vertex 59.6666 -21.6918 6
    endloop
  endfacet
  facet normal 0 0 1
    outer loop
      vertex 59.3334 -21.6918 6
      vertex 68.5 -25 6
      vertex 59.5 -21.7 6
    endloop
  endfacet
  facet normal 0 0 1
    outer loop
      vertex 59.1683 -21.6673 6
      vertex 68.5 -25 6
      vertex 59.3334 -21.6918 6
    endloop
  endfacet
  facet normal 0 0 1
    outer loop
      vertex 59.0065 -21.6268 6
      vertex 68.5 -25 6
      vertex 59.1683 -21.6673 6
    endloop
  endfacet
  facet normal -0 0 1
    outer loop
      vertex -57.8 -20 6
      vertex 57.8082 -20.1666 6
      vertex 57.8 -20 6
    endloop
  endfacet
  facet normal 0 0 1
    outer loop
      vertex -57.8082 -20.1666 6
      vertex 57.8082 -20.1666 6
      vertex -57.8 -20 6
    endloop
  endfacet
  facet normal 0 0 1
    outer loop
      vertex 57.8082 -20.1666 6
      vertex -57.8082 -20.1666 6
      vertex 57.8327 -20.3317 6
    endloop
  endfacet
  facet normal 0 0 1
    outer loop
      vertex -57.8327 -20.3317 6
      vertex 57.8327 -20.3317 6
      vertex -57.8082 -20.1666 6
    endloop
  endfacet
  facet normal 0 0 1
    outer loop
      vertex 57.8327 -20.3317 6
      vertex -57.8327 -20.3317 6
      vertex 57.8732 -20.4935 6
    endloop
  endfacet
  facet normal 0 0 1
    outer loop
      vertex -57.8732 -20.4935 6
      vertex 57.8732 -20.4935 6
      vertex -57.8327 -20.3317 6
    endloop
  endfacet
  facet normal 0 0 1
    outer loop
      vertex 57.8732 -20.4935 6
      vertex -57.8732 -20.4935 6
      vertex 57.9294 -20.6506 6
    endloop
  endfacet
  facet normal 0 0 1
    outer loop
      vertex -57.9294 -20.6506 6
      vertex 57.9294 -20.6506 6
      vertex -57.8732 -20.4935 6
    endloop
  endfacet
  facet normal 0 0 1
    outer loop
      vertex 57.9294 -20.6506 6
      vertex -57.9294 -20.6506 6
      vertex 58.0007 -20.8014 6
    endloop
  endfacet
  facet normal 0 0 1
    outer loop
      vertex -58.0007 -20.8014 6
      vertex 58.0007 -20.8014 6
      vertex -57.9294 -20.6506 6
    endloop
  endfacet
  facet normal 0 0 1
    outer loop
      vertex 58.0007 -20.8014 6
      vertex -58.0007 -20.8014 6
      vertex 58.0865 -20.9445 6
    endloop
  endfacet
  facet normal 0 0 1
    outer loop
      vertex -58.0865 -20.9445 6
      vertex 58.0865 -20.9445 6
      vertex -58.0007 -20.8014 6
    endloop
  endfacet
  facet normal 0 0 1
    outer loop
      vertex 58.0865 -20.9445 6
      vertex -58.0865 -20.9445 6
      vertex 58.1859 -21.0785 6
    endloop
  endfacet
  facet normal 0 0 1
    outer loop
      vertex -58.1859 -21.0785 6
      vertex 58.1859 -21.0785 6
      vertex -58.0865 -20.9445 6
    endloop
  endfacet
  facet normal 0 0 1
    outer loop
      vertex 58.1859 -21.0785 6
      vertex -58.1859 -21.0785 6
      vertex 58.2979 -21.2021 6
    endloop
  endfacet
  facet normal 0 0 1
    outer loop
      vertex -58.2979 -21.2021 6
      vertex 58.2979 -21.2021 6
      vertex -58.1859 -21.0785 6
    endloop
  endfacet
  facet normal 0 0 1
    outer loop
      vertex 58.2979 -21.2021 6
      vertex -58.2979 -21.2021 6
      vertex 58.4215 -21.3141 6
    endloop
  endfacet
  facet normal 0 0 1
    outer loop
      vertex -58.4215 -21.3141 6
      vertex 58.4215 -21.3141 6
      vertex -58.2979 -21.2021 6
    endloop
  endfacet
  facet normal 0 0 1
    outer loop
      vertex 58.4215 -21.3141 6
      vertex -58.4215 -21.3141 6
      vertex 58.5555 -21.4135 6
    endloop
  endfacet
  facet normal 0 0 1
    outer loop
      vertex -58.5555 -21.4135 6
      vertex 58.5555 -21.4135 6
      vertex -58.4215 -21.3141 6
    endloop
  endfacet
  facet normal 0 0 1
    outer loop
      vertex 58.5555 -21.4135 6
      vertex -58.5555 -21.4135 6
      vertex 58.6986 -21.4993 6
    endloop
  endfacet
  facet normal 0 0 1
    outer loop
      vertex -58.6986 -21.4993 6
      vertex 58.6986 -21.4993 6
      vertex -58.5555 -21.4135 6
    endloop
  endfacet
  facet normal 0 0 1
    outer loop
      vertex 58.6986 -21.4993 6
      vertex -58.6986 -21.4993 6
      vertex 58.8494 -21.5706 6
    endloop
  endfacet
  facet normal 0 0 1
    outer loop
      vertex -58.8494 -21.5706 6
      vertex 58.8494 -21.5706 6
      vertex -58.6986 -21.4993 6
    endloop
  endfacet
  facet normal 0 0 1
    outer loop
      vertex 58.8494 -21.5706 6
      vertex -58.8494 -21.5706 6
      vertex 59.0065 -21.6268 6
    endloop
  endfacet
  facet normal 0 0 1
    outer loop
      vertex -59.0065 -21.6268 6
      vertex 59.0065 -21.6268 6
      vertex -58.8494 -21.5706 6
    endloop
  endfacet
  facet normal 0 0 1
    outer loop
      vertex 59.0065 -21.6268 6
      vertex -59.0065 -21.6268 6
      vertex 68.5 -25 6
    endloop
  endfacet
  facet normal 0 0 1
    outer loop
      vertex -68.5 -25 6
      vertex -59.0065 -21.6268 6
      vertex -59.1683 -21.6673 6
    endloop
  endfacet
  facet normal 0 0 1
    outer loop
      vertex -68.5 -25 6
      vertex -59.1683 -21.6673 6
      vertex -59.3334 -21.6918 6
    endloop
  endfacet
  facet normal 0 0 1
    outer loop
      vertex -68.5 -25 6
      vertex -59.3334 -21.6918 6
      vertex -59.5 -21.7 6
    endloop
  endfacet
  facet normal 0 0 1
    outer loop
      vertex -64.647 -16.4928 6
      vertex -61.2 -20 6
      vertex -64.5 -16.5 6
    endloop
  endfacet
  facet normal 0 0 1
    outer loop
      vertex -61.2 -20 6
      vertex -64.647 -16.4928 6
      vertex -61.1918 -20.1666 6
    endloop
  endfacet
  facet normal 0 0 1
    outer loop
      vertex -64.7926 -16.4712 6
      vertex -61.1918 -20.1666 6
      vertex -64.647 -16.4928 6
    endloop
  endfacet
  facet normal 0 0 1
    outer loop
      vertex -61.1918 -20.1666 6
      vertex -64.7926 -16.4712 6
      vertex -61.1673 -20.3317 6
    endloop
  endfacet
  facet normal 0 0 1
    outer loop
      vertex -68.5 -25 6
      vertex -61.1673 -20.3317 6
      vertex -64.7926 -16.4712 6
    endloop
  endfacet
  facet normal 0 0 1
    outer loop
      vertex -61.1673 -20.3317 6
      vertex -68.5 -25 6
      vertex -61.1268 -20.4935 6
    endloop
  endfacet
  facet normal 0 0 1
    outer loop
      vertex -61.1268 -20.4935 6
      vertex -68.5 -25 6
      vertex -61.0706 -20.6506 6
    endloop
  endfacet
  facet normal 0 0 1
    outer loop
      vertex -61.0706 -20.6506 6
      vertex -68.5 -25 6
      vertex -60.9993 -20.8014 6
    endloop
  endfacet
  facet normal 0 0 1
    outer loop
      vertex -60.9993 -20.8014 6
      vertex -68.5 -25 6
      vertex -60.9135 -20.9445 6
    endloop
  endfacet
  facet normal 0 0 1
    outer loop
      vertex -68.5 -25 6
      vertex -64.7926 -16.4712 6
      vertex -64.9354 -16.4354 6
    endloop
  endfacet
  facet normal 0 0 1
    outer loop
      vertex -68.5 -25 6
      vertex -64.9354 -16.4354 6
      vertex -65.074 -16.3858 6
    endloop
  endfacet
  facet normal 0 0 1
    outer loop
      vertex -60.9135 -20.9445 6
      vertex -68.5 -25 6
      vertex -60.8141 -21.0785 6
    endloop
  endfacet
  facet normal 0 0 1
    outer loop
      vertex -68.5 -25 6
      vertex -65.074 -16.3858 6
      vertex -65.2071 -16.3229 6
    endloop
  endfacet
  facet normal 0 0 1
    outer loop
      vertex -68.5 -25 6
      vertex -65.2071 -16.3229 6
      vertex -65.3334 -16.2472 6
    endloop
  endfacet
  facet normal 0 0 1
    outer loop
      vertex -68.5 -25 6
      vertex -65.3334 -16.2472 6
      vertex -65.4516 -16.1595 6
    endloop
  endfacet
  facet normal 0 0 1
    outer loop
      vertex -70.7961 -24.5433 6
      vertex -65.4516 -16.1595 6
      vertex -65.5607 -16.0607 6
    endloop
  endfacet
  facet normal 0 0 1
    outer loop
      vertex -66 15 6
      vertex -74.5 19 6
      vertex -66 -15 6
    endloop
  endfacet
  facet normal 0 0 1
    outer loop
      vertex -59.0065 -21.6268 6
      vertex -68.5 -25 6
      vertex 68.5 -25 6
    endloop
  endfacet
  facet normal 0 0 1
    outer loop
      vertex -59.6666 -21.6918 6
      vertex -68.5 -25 6
      vertex -59.5 -21.7 6
    endloop
  endfacet
  facet normal 0 0 1
    outer loop
      vertex -59.8317 -21.6673 6
      vertex -68.5 -25 6
      vertex -59.6666 -21.6918 6
    endloop
  endfacet
  facet normal 0 0 1
    outer loop
      vertex -59.9935 -21.6268 6
      vertex -68.5 -25 6
      vertex -59.8317 -21.6673 6
    endloop
  endfacet
  facet normal 0 0 1
    outer loop
      vertex -60.1506 -21.5706 6
      vertex -68.5 -25 6
      vertex -59.9935 -21.6268 6
    endloop
  endfacet
  facet normal 0 0 1
    outer loop
      vertex -60.3014 -21.4993 6
      vertex -68.5 -25 6
      vertex -60.1506 -21.5706 6
    endloop
  endfacet
  facet normal 0 0 1
    outer loop
      vertex -60.4445 -21.4135 6
      vertex -68.5 -25 6
      vertex -60.3014 -21.4993 6
    endloop
  endfacet
  facet normal 0 0 1
    outer loop
      vertex -60.5785 -21.3141 6
      vertex -68.5 -25 6
      vertex -60.4445 -21.4135 6
    endloop
  endfacet
  facet normal 0 0 1
    outer loop
      vertex -60.7021 -21.2021 6
      vertex -68.5 -25 6
      vertex -60.5785 -21.3141 6
    endloop
  endfacet
  facet normal 0 0 1
    outer loop
      vertex -60.8141 -21.0785 6
      vertex -68.5 -25 6
      vertex -60.7021 -21.2021 6
    endloop
  endfacet
  facet normal 0 0 1
    outer loop
      vertex -73.7915 -21.8284 6
      vertex -65.5607 -16.0607 6
      vertex -65.6595 -15.9516 6
    endloop
  endfacet
  facet normal 0 0 1
    outer loop
      vertex -74.5 -19 6
      vertex -65.6595 -15.9516 6
      vertex -65.7472 -15.8334 6
    endloop
  endfacet
  facet normal 0 0 1
    outer loop
      vertex -74.5 -19 6
      vertex -65.7472 -15.8334 6
      vertex -65.8229 -15.7071 6
    endloop
  endfacet
  facet normal 0 0 1
    outer loop
      vertex -74.5 -19 6
      vertex -65.8229 -15.7071 6
      vertex -65.8858 -15.574 6
    endloop
  endfacet
  facet normal 0 0 1
    outer loop
      vertex -74.5 -19 6
      vertex -65.8858 -15.574 6
      vertex -65.9354 -15.4354 6
    endloop
  endfacet
  facet normal 0 0 1
    outer loop
      vertex -74.5 -19 6
      vertex -65.9354 -15.4354 6
      vertex -65.9712 -15.2926 6
    endloop
  endfacet
  facet normal 0 0 1
    outer loop
      vertex -74.5 -19 6
      vertex -65.9712 -15.2926 6
      vertex -65.9928 -15.147 6
    endloop
  endfacet
  facet normal 0 0 1
    outer loop
      vertex -74.5 -19 6
      vertex -66 -15 6
      vertex -74.5 19 6
    endloop
  endfacet
  facet normal -0 0 1
    outer loop
      vertex -73.4888 22.3334 6
      vertex -65.5607 16.0607 6
      vertex -73.1381 22.8064 6
    endloop
  endfacet
  facet normal 0 0 1
    outer loop
      vertex -66 -15 6
      vertex -74.5 -19 6
      vertex -65.9928 -15.147 6
    endloop
  endfacet
  facet normal -0 0 1
    outer loop
      vertex -73.7915 21.8284 6
      vertex -65.5607 16.0607 6
      vertex -73.4888 22.3334 6
    endloop
  endfacet
  facet normal 0 0 1
    outer loop
      vertex -65.6595 -15.9516 6
      vertex -74.5 -19 6
      vertex -74.4711 -19.5881 6
    endloop
  endfacet
  facet normal 0 0 1
    outer loop
      vertex -65.5607 16.0607 6
      vertex -73.7915 21.8284 6
      vertex -65.6595 15.9516 6
    endloop
  endfacet
  facet normal 0 0 1
    outer loop
      vertex -65.4516 -16.1595 6
      vertex -69.0881 -24.9711 6
      vertex -68.5 -25 6
    endloop
  endfacet
  facet normal -0 0 1
    outer loop
      vertex -74.0433 21.2961 6
      vertex -65.6595 15.9516 6
      vertex -73.7915 21.8284 6
    endloop
  endfacet
  facet normal 0 0 1
    outer loop
      vertex -65.4516 -16.1595 6
      vertex -69.6705 -24.8847 6
      vertex -69.0881 -24.9711 6
    endloop
  endfacet
  facet normal -0 0 1
    outer loop
      vertex -74.2416 20.7417 6
      vertex -65.6595 15.9516 6
      vertex -74.0433 21.2961 6
    endloop
  endfacet
  facet normal 0 0 1
    outer loop
      vertex -65.4516 -16.1595 6
      vertex -70.2417 -24.7416 6
      vertex -69.6705 -24.8847 6
    endloop
  endfacet
  facet normal -0 0 1
    outer loop
      vertex -74.3847 20.1705 6
      vertex -65.6595 15.9516 6
      vertex -74.2416 20.7417 6
    endloop
  endfacet
  facet normal 0 0 1
    outer loop
      vertex -65.4516 -16.1595 6
      vertex -70.7961 -24.5433 6
      vertex -70.2417 -24.7416 6
    endloop
  endfacet
  facet normal -0 0 1
    outer loop
      vertex -74.4711 19.5881 6
      vertex -65.6595 15.9516 6
      vertex -74.3847 20.1705 6
    endloop
  endfacet
  facet normal 0 0 1
    outer loop
      vertex -65.5607 -16.0607 6
      vertex -71.3284 -24.2915 6
      vertex -70.7961 -24.5433 6
    endloop
  endfacet
  facet normal -0 0 1
    outer loop
      vertex -74.5 19 6
      vertex -65.6595 15.9516 6
      vertex -74.4711 19.5881 6
    endloop
  endfacet
  facet normal 0 0 1
    outer loop
      vertex -65.5607 -16.0607 6
      vertex -71.8334 -23.9888 6
      vertex -71.3284 -24.2915 6
    endloop
  endfacet
  facet normal 0 0 1
    outer loop
      vertex -65.6595 15.9516 6
      vertex -74.5 19 6
      vertex -65.7472 15.8334 6
    endloop
  endfacet
  facet normal 0 0 1
    outer loop
      vertex -65.5607 -16.0607 6
      vertex -72.3064 -23.6381 6
      vertex -71.8334 -23.9888 6
    endloop
  endfacet
  facet normal 0 0 1
    outer loop
      vertex -65.7472 15.8334 6
      vertex -74.5 19 6
      vertex -65.8229 15.7071 6
    endloop
  endfacet
  facet normal 0 0 1
    outer loop
      vertex -65.5607 -16.0607 6
      vertex -72.7426 -23.2426 6
      vertex -72.3064 -23.6381 6
    endloop
  endfacet
  facet normal 0 0 1
    outer loop
      vertex -65.8229 15.7071 6
      vertex -74.5 19 6
      vertex -65.8858 15.574 6
    endloop
  endfacet
  facet normal 0 0 1
    outer loop
      vertex -65.5607 -16.0607 6
      vertex -73.1381 -22.8064 6
      vertex -72.7426 -23.2426 6
    endloop
  endfacet
  facet normal 0 0 1
    outer loop
      vertex -65.8858 15.574 6
      vertex -74.5 19 6
      vertex -65.9354 15.4354 6
    endloop
  endfacet
  facet normal 0 0 1
    outer loop
      vertex -65.5607 -16.0607 6
      vertex -73.4888 -22.3334 6
      vertex -73.1381 -22.8064 6
    endloop
  endfacet
  facet normal 0 0 1
    outer loop
      vertex -65.9354 15.4354 6
      vertex -74.5 19 6
      vertex -65.9712 15.2926 6
    endloop
  endfacet
  facet normal 0 0 1
    outer loop
      vertex -65.5607 -16.0607 6
      vertex -73.7915 -21.8284 6
      vertex -73.4888 -22.3334 6
    endloop
  endfacet
  facet normal 0 0 1
    outer loop
      vertex -65.9712 15.2926 6
      vertex -74.5 19 6
      vertex -65.9928 15.147 6
    endloop
  endfacet
  facet normal 0 0 1
    outer loop
      vertex -65.6595 -15.9516 6
      vertex -74.0433 -21.2961 6
      vertex -73.7915 -21.8284 6
    endloop
  endfacet
  facet normal 0 0 1
    outer loop
      vertex -65.9928 15.147 6
      vertex -74.5 19 6
      vertex -66 15 6
    endloop
  endfacet
  facet normal 0 0 1
    outer loop
      vertex -65.6595 -15.9516 6
      vertex -74.2416 -20.7417 6
      vertex -74.0433 -21.2961 6
    endloop
  endfacet
  facet normal 0 0 1
    outer loop
      vertex -65.6595 -15.9516 6
      vertex -74.3847 -20.1705 6
      vertex -74.2416 -20.7417 6
    endloop
  endfacet
  facet normal 0 0 1
    outer loop
      vertex -65.6595 -15.9516 6
      vertex -74.4711 -19.5881 6
      vertex -74.3847 -20.1705 6
    endloop
  endfacet
  facet normal -0 0 1
    outer loop
      vertex 61.1918 19.8334 6
      vertex 64.5 16.5 6
      vertex 61.2 20 6
    endloop
  endfacet
  facet normal -0 0 1
    outer loop
      vertex 61.1673 19.6683 6
      vertex 64.5 16.5 6
      vertex 61.1918 19.8334 6
    endloop
  endfacet
  facet normal -0 0 1
    outer loop
      vertex 61.1268 19.5065 6
      vertex 64.5 16.5 6
      vertex 61.1673 19.6683 6
    endloop
  endfacet
  facet normal -0 0 1
    outer loop
      vertex 61.0706 19.3494 6
      vertex 64.5 16.5 6
      vertex 61.1268 19.5065 6
    endloop
  endfacet
  facet normal -0 0 1
    outer loop
      vertex 60.9993 19.1986 6
      vertex 64.5 16.5 6
      vertex 61.0706 19.3494 6
    endloop
  endfacet
  facet normal -0 0 1
    outer loop
      vertex 60.9135 19.0555 6
      vertex 64.5 16.5 6
      vertex 60.9993 19.1986 6
    endloop
  endfacet
  facet normal -0 0 1
    outer loop
      vertex 60.8141 18.9215 6
      vertex 64.5 16.5 6
      vertex 60.9135 19.0555 6
    endloop
  endfacet
  facet normal -0 0 1
    outer loop
      vertex 60.7021 18.7979 6
      vertex 64.5 16.5 6
      vertex 60.8141 18.9215 6
    endloop
  endfacet
  facet normal -0 0 1
    outer loop
      vertex 60.5785 18.6859 6
      vertex 64.5 16.5 6
      vertex 60.7021 18.7979 6
    endloop
  endfacet
  facet normal -0 0 1
    outer loop
      vertex 60.4445 18.5865 6
      vertex 64.5 16.5 6
      vertex 60.5785 18.6859 6
    endloop
  endfacet
  facet normal -0 0 1
    outer loop
      vertex 60.3014 18.5007 6
      vertex 64.5 16.5 6
      vertex 60.4445 18.5865 6
    endloop
  endfacet
  facet normal -0 0 1
    outer loop
      vertex 60.1506 18.4294 6
      vertex 64.5 16.5 6
      vertex 60.3014 18.5007 6
    endloop
  endfacet
  facet normal -0 0 1
    outer loop
      vertex 59.9935 18.3732 6
      vertex 64.5 16.5 6
      vertex 60.1506 18.4294 6
    endloop
  endfacet
  facet normal -0 0 1
    outer loop
      vertex 59.8317 18.3327 6
      vertex 64.5 16.5 6
      vertex 59.9935 18.3732 6
    endloop
  endfacet
  facet normal -0 0 1
    outer loop
      vertex 59.6666 18.3082 6
      vertex 64.5 16.5 6
      vertex 59.8317 18.3327 6
    endloop
  endfacet
  facet normal -0 0 1
    outer loop
      vertex 59.5 18.3 6
      vertex 64.5 16.5 6
      vertex 59.6666 18.3082 6
    endloop
  endfacet
  facet normal 0 0 1
    outer loop
      vertex 59.3334 18.3082 6
      vertex 64.5 16.5 6
      vertex 59.5 18.3 6
    endloop
  endfacet
  facet normal 0 0 1
    outer loop
      vertex 59.1683 18.3327 6
      vertex 64.5 16.5 6
      vertex 59.3334 18.3082 6
    endloop
  endfacet
  facet normal 0 0 1
    outer loop
      vertex 59.0065 18.3732 6
      vertex 64.5 16.5 6
      vertex 59.1683 18.3327 6
    endloop
  endfacet
  facet normal -0 0 1
    outer loop
      vertex -57.8 20 6
      vertex 57.8082 19.8334 6
      vertex 57.8 20 6
    endloop
  endfacet
  facet normal 0 0 1
    outer loop
      vertex -57.8082 19.8334 6
      vertex 57.8082 19.8334 6
      vertex -57.8 20 6
    endloop
  endfacet
  facet normal 0 0 1
    outer loop
      vertex 57.8082 19.8334 6
      vertex -57.8082 19.8334 6
      vertex 57.8327 19.6683 6
    endloop
  endfacet
  facet normal 0 0 1
    outer loop
      vertex -57.8327 19.6683 6
      vertex 57.8327 19.6683 6
      vertex -57.8082 19.8334 6
    endloop
  endfacet
  facet normal 0 0 1
    outer loop
      vertex 57.8327 19.6683 6
      vertex -57.8327 19.6683 6
      vertex 57.8732 19.5065 6
    endloop
  endfacet
  facet normal 0 0 1
    outer loop
      vertex -57.8732 19.5065 6
      vertex 57.8732 19.5065 6
      vertex -57.8327 19.6683 6
    endloop
  endfacet
  facet normal 0 0 1
    outer loop
      vertex 57.8732 19.5065 6
      vertex -57.8732 19.5065 6
      vertex 57.9294 19.3494 6
    endloop
  endfacet
  facet normal 0 0 1
    outer loop
      vertex -57.9294 19.3494 6
      vertex 57.9294 19.3494 6
      vertex -57.8732 19.5065 6
    endloop
  endfacet
  facet normal 0 0 1
    outer loop
      vertex 57.9294 19.3494 6
      vertex -57.9294 19.3494 6
      vertex 58.0007 19.1986 6
    endloop
  endfacet
  facet normal 0 0 1
    outer loop
      vertex -58.0007 19.1986 6
      vertex 58.0007 19.1986 6
      vertex -57.9294 19.3494 6
    endloop
  endfacet
  facet normal 0 0 1
    outer loop
      vertex 58.0007 19.1986 6
      vertex -58.0007 19.1986 6
      vertex 58.0865 19.0555 6
    endloop
  endfacet
  facet normal 0 0 1
    outer loop
      vertex -58.0865 19.0555 6
      vertex 58.0865 19.0555 6
      vertex -58.0007 19.1986 6
    endloop
  endfacet
  facet normal 0 0 1
    outer loop
      vertex 58.0865 19.0555 6
      vertex -58.0865 19.0555 6
      vertex 58.1859 18.9215 6
    endloop
  endfacet
  facet normal 0 0 1
    outer loop
      vertex -58.1859 18.9215 6
      vertex 58.1859 18.9215 6
      vertex -58.0865 19.0555 6
    endloop
  endfacet
  facet normal 0 0 1
    outer loop
      vertex 58.1859 18.9215 6
      vertex -58.1859 18.9215 6
      vertex 58.2979 18.7979 6
    endloop
  endfacet
  facet normal 0 0 1
    outer loop
      vertex -58.2979 18.7979 6
      vertex 58.2979 18.7979 6
      vertex -58.1859 18.9215 6
    endloop
  endfacet
  facet normal 0 0 1
    outer loop
      vertex 58.2979 18.7979 6
      vertex -58.2979 18.7979 6
      vertex 58.4215 18.6859 6
    endloop
  endfacet
  facet normal 0 0 1
    outer loop
      vertex -58.4215 18.6859 6
      vertex 58.4215 18.6859 6
      vertex -58.2979 18.7979 6
    endloop
  endfacet
  facet normal 0 0 1
    outer loop
      vertex 58.4215 18.6859 6
      vertex -58.4215 18.6859 6
      vertex 58.5555 18.5865 6
    endloop
  endfacet
  facet normal 0 0 1
    outer loop
      vertex -58.5555 18.5865 6
      vertex 58.5555 18.5865 6
      vertex -58.4215 18.6859 6
    endloop
  endfacet
  facet normal 0 0 1
    outer loop
      vertex 58.5555 18.5865 6
      vertex -58.5555 18.5865 6
      vertex 58.6986 18.5007 6
    endloop
  endfacet
  facet normal 0 0 1
    outer loop
      vertex -58.6986 18.5007 6
      vertex 58.6986 18.5007 6
      vertex -58.5555 18.5865 6
    endloop
  endfacet
  facet normal 0 0 1
    outer loop
      vertex 58.6986 18.5007 6
      vertex -58.6986 18.5007 6
      vertex 58.8494 18.4294 6
    endloop
  endfacet
  facet normal 0 0 1
    outer loop
      vertex -58.8494 18.4294 6
      vertex 58.8494 18.4294 6
      vertex -58.6986 18.5007 6
    endloop
  endfacet
  facet normal 0 0 1
    outer loop
      vertex 58.8494 18.4294 6
      vertex -58.8494 18.4294 6
      vertex 59.0065 18.3732 6
    endloop
  endfacet
  facet normal 0 0 1
    outer loop
      vertex -59.0065 18.3732 6
      vertex 59.0065 18.3732 6
      vertex -58.8494 18.4294 6
    endloop
  endfacet
  facet normal 0 0 1
    outer loop
      vertex 59.0065 18.3732 6
      vertex -59.0065 18.3732 6
      vertex 64.5 16.5 6
    endloop
  endfacet
  facet normal 0 0 1
    outer loop
      vertex -64.5 16.5 6
      vertex -59.0065 18.3732 6
      vertex -59.1683 18.3327 6
    endloop
  endfacet
  facet normal 0 0 1
    outer loop
      vertex -64.5 16.5 6
      vertex -59.1683 18.3327 6
      vertex -59.3334 18.3082 6
    endloop
  endfacet
  facet normal 0 0 1
    outer loop
      vertex -64.5 16.5 6
      vertex -59.3334 18.3082 6
      vertex -59.5 18.3 6
    endloop
  endfacet
  facet normal 0 0 1
    outer loop
      vertex -59.0065 18.3732 6
      vertex -64.5 16.5 6
      vertex 64.5 16.5 6
    endloop
  endfacet
  facet normal 0 0 1
    outer loop
      vertex -59.6666 18.3082 6
      vertex -64.5 16.5 6
      vertex -59.5 18.3 6
    endloop
  endfacet
  facet normal 0 0 1
    outer loop
      vertex -59.8317 18.3327 6
      vertex -64.5 16.5 6
      vertex -59.6666 18.3082 6
    endloop
  endfacet
  facet normal 0 0 1
    outer loop
      vertex -59.9935 18.3732 6
      vertex -64.5 16.5 6
      vertex -59.8317 18.3327 6
    endloop
  endfacet
  facet normal 0 0 1
    outer loop
      vertex -60.1506 18.4294 6
      vertex -64.5 16.5 6
      vertex -59.9935 18.3732 6
    endloop
  endfacet
  facet normal 0 0 1
    outer loop
      vertex -60.3014 18.5007 6
      vertex -64.5 16.5 6
      vertex -60.1506 18.4294 6
    endloop
  endfacet
  facet normal 0 0 1
    outer loop
      vertex -60.4445 18.5865 6
      vertex -64.5 16.5 6
      vertex -60.3014 18.5007 6
    endloop
  endfacet
  facet normal 0 0 1
    outer loop
      vertex -60.5785 18.6859 6
      vertex -64.5 16.5 6
      vertex -60.4445 18.5865 6
    endloop
  endfacet
  facet normal 0 0 1
    outer loop
      vertex -60.7021 18.7979 6
      vertex -64.5 16.5 6
      vertex -60.5785 18.6859 6
    endloop
  endfacet
  facet normal 0 0 1
    outer loop
      vertex -60.8141 18.9215 6
      vertex -64.5 16.5 6
      vertex -60.7021 18.7979 6
    endloop
  endfacet
  facet normal 0 0 1
    outer loop
      vertex -60.9135 19.0555 6
      vertex -64.5 16.5 6
      vertex -60.8141 18.9215 6
    endloop
  endfacet
  facet normal 0 0 1
    outer loop
      vertex -60.9993 19.1986 6
      vertex -64.5 16.5 6
      vertex -60.9135 19.0555 6
    endloop
  endfacet
  facet normal 0 0 1
    outer loop
      vertex -61.0706 19.3494 6
      vertex -64.5 16.5 6
      vertex -60.9993 19.1986 6
    endloop
  endfacet
  facet normal 0 0 1
    outer loop
      vertex -61.1268 19.5065 6
      vertex -64.5 16.5 6
      vertex -61.0706 19.3494 6
    endloop
  endfacet
  facet normal 0 0 1
    outer loop
      vertex -61.1673 19.6683 6
      vertex -64.5 16.5 6
      vertex -61.1268 19.5065 6
    endloop
  endfacet
  facet normal 0 0 1
    outer loop
      vertex -61.1918 19.8334 6
      vertex -64.5 16.5 6
      vertex -61.1673 19.6683 6
    endloop
  endfacet
  facet normal 0 0 1
    outer loop
      vertex -64.5 16.5 6
      vertex -61.1918 19.8334 6
      vertex -61.2 20 6
    endloop
  endfacet
  facet normal 0.989153 0.146887 0
    outer loop
      vertex -64.4769 -14.0341 1.5
      vertex -64.4942 -13.9176 0
      vertex -64.4942 -13.9176 1.5
    endloop
  endfacet
  facet normal 0.989153 0.146887 0
    outer loop
      vertex -64.4942 -13.9176 0
      vertex -64.4769 -14.0341 1.5
      vertex -64.4769 -14.0341 0
    endloop
  endfacet
  facet normal 0.998786 0.0492599 0
    outer loop
      vertex -64.4942 -13.9176 1.5
      vertex -64.5 -13.8 0
      vertex -64.5 -13.8 1.5
    endloop
  endfacet
  facet normal 0.998786 0.0492599 0
    outer loop
      vertex -64.5 -13.8 0
      vertex -64.4942 -13.9176 1.5
      vertex -64.4942 -13.9176 0
    endloop
  endfacet
  facet normal -0.998786 0.0492599 0
    outer loop
      vertex 64.4942 -13.9176 0
      vertex 64.5 -13.8 1.5
      vertex 64.5 -13.8 0
    endloop
  endfacet
  facet normal -0.998786 0.0492599 0
    outer loop
      vertex 64.5 -13.8 1.5
      vertex 64.4942 -13.9176 0
      vertex 64.4942 -13.9176 1.5
    endloop
  endfacet
  facet normal -1 0 0
    outer loop
      vertex 64.5 -13.8 0
      vertex 64.5 13.8 1.5
      vertex 64.5 13.8 0
    endloop
  endfacet
  facet normal -1 -0 0
    outer loop
      vertex 64.5 13.8 1.5
      vertex 64.5 -13.8 0
      vertex 64.5 -13.8 1.5
    endloop
  endfacet
  facet normal 0 -1 0
    outer loop
      vertex -63.3 15 0
      vertex 63.3 15 1.5
      vertex -63.3 15 1.5
    endloop
  endfacet
  facet normal 0 -1 -0
    outer loop
      vertex 63.3 15 1.5
      vertex -63.3 15 0
      vertex 63.3 15 0
    endloop
  endfacet
  facet normal 0.941761 -0.336283 0
    outer loop
      vertex -64.4483 14.1483 1.5
      vertex -64.4087 14.2592 0
      vertex -64.4087 14.2592 1.5
    endloop
  endfacet
  facet normal 0.941761 -0.336283 0
    outer loop
      vertex -64.4087 14.2592 0
      vertex -64.4483 14.1483 1.5
      vertex -64.4483 14.1483 0
    endloop
  endfacet
  facet normal 0.336283 0.941761 -0
    outer loop
      vertex -63.6483 -14.9483 0
      vertex -63.7592 -14.9087 1.5
      vertex -63.6483 -14.9483 1.5
    endloop
  endfacet
  facet normal 0.336283 0.941761 0
    outer loop
      vertex -63.7592 -14.9087 1.5
      vertex -63.6483 -14.9483 0
      vertex -63.7592 -14.9087 0
    endloop
  endfacet
  facet normal 1 -0 0
    outer loop
      vertex -64.5 -13.8 1.5
      vertex -64.5 13.8 0
      vertex -64.5 13.8 1.5
    endloop
  endfacet
  facet normal 1 0 0
    outer loop
      vertex -64.5 13.8 0
      vertex -64.5 -13.8 1.5
      vertex -64.5 -13.8 0
    endloop
  endfacet
  facet normal -0.427758 -0.903893 0
    outer loop
      vertex 63.7592 14.9087 0
      vertex 63.8657 14.8583 1.5
      vertex 63.7592 14.9087 1.5
    endloop
  endfacet
  facet normal -0.427758 -0.903893 -0
    outer loop
      vertex 63.8657 14.8583 1.5
      vertex 63.7592 14.9087 0
      vertex 63.8657 14.8583 0
    endloop
  endfacet
  facet normal 0 1 -0
    outer loop
      vertex 63.3 -15 0
      vertex -63.3 -15 1.5
      vertex 63.3 -15 1.5
    endloop
  endfacet
  facet normal 0 1 0
    outer loop
      vertex -63.3 -15 1.5
      vertex 63.3 -15 0
      vertex -63.3 -15 0
    endloop
  endfacet
  facet normal -0.970042 -0.242935 0
    outer loop
      vertex 64.4769 14.0341 0
      vertex 64.4483 14.1483 1.5
      vertex 64.4483 14.1483 0
    endloop
  endfacet
  facet normal -0.970042 -0.242935 0
    outer loop
      vertex 64.4483 14.1483 1.5
      vertex 64.4769 14.0341 0
      vertex 64.4769 14.0341 1.5
    endloop
  endfacet
  facet normal -0.0492599 0.998786 0
    outer loop
      vertex 63.4176 -14.9942 0
      vertex 63.3 -15 1.5
      vertex 63.4176 -14.9942 1.5
    endloop
  endfacet
  facet normal -0.0492599 0.998786 0
    outer loop
      vertex 63.3 -15 1.5
      vertex 63.4176 -14.9942 0
      vertex 63.3 -15 0
    endloop
  endfacet
  facet normal 0.0492599 -0.998786 0
    outer loop
      vertex -63.4176 14.9942 0
      vertex -63.3 15 1.5
      vertex -63.4176 14.9942 1.5
    endloop
  endfacet
  facet normal 0.0492599 -0.998786 0
    outer loop
      vertex -63.3 15 1.5
      vertex -63.4176 14.9942 0
      vertex -63.3 15 0
    endloop
  endfacet
  facet normal -0.857867 0.513871 0
    outer loop
      vertex 64.2978 -14.4667 0
      vertex 64.3583 -14.3657 1.5
      vertex 64.3583 -14.3657 0
    endloop
  endfacet
  facet normal -0.857867 0.513871 0
    outer loop
      vertex 64.3583 -14.3657 1.5
      vertex 64.2978 -14.4667 0
      vertex 64.2978 -14.4667 1.5
    endloop
  endfacet
  facet normal -0.989153 0.146887 0
    outer loop
      vertex 64.4769 -14.0341 0
      vertex 64.4942 -13.9176 1.5
      vertex 64.4942 -13.9176 0
    endloop
  endfacet
  facet normal -0.989153 0.146887 0
    outer loop
      vertex 64.4942 -13.9176 1.5
      vertex 64.4769 -14.0341 0
      vertex 64.4769 -14.0341 1.5
    endloop
  endfacet
  facet normal -0.336283 -0.941761 0
    outer loop
      vertex 63.6483 14.9483 0
      vertex 63.7592 14.9087 1.5
      vertex 63.6483 14.9483 1.5
    endloop
  endfacet
  facet normal -0.336283 -0.941761 -0
    outer loop
      vertex 63.7592 14.9087 1.5
      vertex 63.6483 14.9483 0
      vertex 63.7592 14.9087 0
    endloop
  endfacet
  facet normal -0.513871 -0.857867 0
    outer loop
      vertex 63.8657 14.8583 0
      vertex 63.9667 14.7978 1.5
      vertex 63.8657 14.8583 1.5
    endloop
  endfacet
  facet normal -0.513871 -0.857867 -0
    outer loop
      vertex 63.9667 14.7978 1.5
      vertex 63.8657 14.8583 0
      vertex 63.9667 14.7978 0
    endloop
  endfacet
  facet normal 0.857867 -0.513871 0
    outer loop
      vertex -64.3583 14.3657 1.5
      vertex -64.2978 14.4667 0
      vertex -64.2978 14.4667 1.5
    endloop
  endfacet
  facet normal 0.857867 -0.513871 0
    outer loop
      vertex -64.2978 14.4667 0
      vertex -64.3583 14.3657 1.5
      vertex -64.3583 14.3657 0
    endloop
  endfacet
  facet normal -0.671869 -0.74067 0
    outer loop
      vertex 64.0613 14.7276 0
      vertex 64.1485 14.6485 1.5
      vertex 64.0613 14.7276 1.5
    endloop
  endfacet
  facet normal -0.671869 -0.74067 -0
    outer loop
      vertex 64.1485 14.6485 1.5
      vertex 64.0613 14.7276 0
      vertex 64.1485 14.6485 0
    endloop
  endfacet
  facet normal -0.903893 -0.427758 0
    outer loop
      vertex 64.4087 14.2592 0
      vertex 64.3583 14.3657 1.5
      vertex 64.3583 14.3657 0
    endloop
  endfacet
  facet normal -0.903893 -0.427758 0
    outer loop
      vertex 64.3583 14.3657 1.5
      vertex 64.4087 14.2592 0
      vertex 64.4087 14.2592 1.5
    endloop
  endfacet
  facet normal -0.998786 -0.0492599 0
    outer loop
      vertex 64.5 13.8 0
      vertex 64.4942 13.9176 1.5
      vertex 64.4942 13.9176 0
    endloop
  endfacet
  facet normal -0.998786 -0.0492599 0
    outer loop
      vertex 64.4942 13.9176 1.5
      vertex 64.5 13.8 0
      vertex 64.5 13.8 1.5
    endloop
  endfacet
  facet normal 0.146887 -0.989153 0
    outer loop
      vertex -63.5341 14.9769 0
      vertex -63.4176 14.9942 1.5
      vertex -63.5341 14.9769 1.5
    endloop
  endfacet
  facet normal 0.146887 -0.989153 0
    outer loop
      vertex -63.4176 14.9942 1.5
      vertex -63.5341 14.9769 0
      vertex -63.4176 14.9942 0
    endloop
  endfacet
  facet normal 0.427758 -0.903893 0
    outer loop
      vertex -63.8657 14.8583 0
      vertex -63.7592 14.9087 1.5
      vertex -63.8657 14.8583 1.5
    endloop
  endfacet
  facet normal 0.427758 -0.903893 0
    outer loop
      vertex -63.7592 14.9087 1.5
      vertex -63.8657 14.8583 0
      vertex -63.7592 14.9087 0
    endloop
  endfacet
  facet normal -0.989153 -0.146887 0
    outer loop
      vertex 64.4942 13.9176 0
      vertex 64.4769 14.0341 1.5
      vertex 64.4769 14.0341 0
    endloop
  endfacet
  facet normal -0.989153 -0.146887 0
    outer loop
      vertex 64.4769 14.0341 1.5
      vertex 64.4942 13.9176 0
      vertex 64.4942 13.9176 1.5
    endloop
  endfacet
  facet normal 0.242935 -0.970042 0
    outer loop
      vertex -63.6483 14.9483 0
      vertex -63.5341 14.9769 1.5
      vertex -63.6483 14.9483 1.5
    endloop
  endfacet
  facet normal 0.242935 -0.970042 0
    outer loop
      vertex -63.5341 14.9769 1.5
      vertex -63.6483 14.9483 0
      vertex -63.5341 14.9769 0
    endloop
  endfacet
  facet normal -0.427758 0.903893 0
    outer loop
      vertex 63.8657 -14.8583 0
      vertex 63.7592 -14.9087 1.5
      vertex 63.8657 -14.8583 1.5
    endloop
  endfacet
  facet normal -0.427758 0.903893 0
    outer loop
      vertex 63.7592 -14.9087 1.5
      vertex 63.8657 -14.8583 0
      vertex 63.7592 -14.9087 0
    endloop
  endfacet
  facet normal 0.803046 0.595918 0
    outer loop
      vertex -64.2276 -14.5613 1.5
      vertex -64.2978 -14.4667 0
      vertex -64.2978 -14.4667 1.5
    endloop
  endfacet
  facet normal 0.803046 0.595918 0
    outer loop
      vertex -64.2978 -14.4667 0
      vertex -64.2276 -14.5613 1.5
      vertex -64.2276 -14.5613 0
    endloop
  endfacet
  facet normal -0.513871 0.857867 0
    outer loop
      vertex 63.9667 -14.7978 0
      vertex 63.8657 -14.8583 1.5
      vertex 63.9667 -14.7978 1.5
    endloop
  endfacet
  facet normal -0.513871 0.857867 0
    outer loop
      vertex 63.8657 -14.8583 1.5
      vertex 63.9667 -14.7978 0
      vertex 63.8657 -14.8583 0
    endloop
  endfacet
  facet normal -0.146887 0.989153 0
    outer loop
      vertex 63.5341 -14.9769 0
      vertex 63.4176 -14.9942 1.5
      vertex 63.5341 -14.9769 1.5
    endloop
  endfacet
  facet normal -0.146887 0.989153 0
    outer loop
      vertex 63.4176 -14.9942 1.5
      vertex 63.5341 -14.9769 0
      vertex 63.4176 -14.9942 0
    endloop
  endfacet
  facet normal 0.970042 0.242935 0
    outer loop
      vertex -64.4483 -14.1483 1.5
      vertex -64.4769 -14.0341 0
      vertex -64.4769 -14.0341 1.5
    endloop
  endfacet
  facet normal 0.970042 0.242935 0
    outer loop
      vertex -64.4769 -14.0341 0
      vertex -64.4483 -14.1483 1.5
      vertex -64.4483 -14.1483 0
    endloop
  endfacet
  facet normal 0.903893 0.427758 0
    outer loop
      vertex -64.3583 -14.3657 1.5
      vertex -64.4087 -14.2592 0
      vertex -64.4087 -14.2592 1.5
    endloop
  endfacet
  facet normal 0.903893 0.427758 0
    outer loop
      vertex -64.4087 -14.2592 0
      vertex -64.3583 -14.3657 1.5
      vertex -64.3583 -14.3657 0
    endloop
  endfacet
  facet normal 0.242935 0.970042 -0
    outer loop
      vertex -63.5341 -14.9769 0
      vertex -63.6483 -14.9483 1.5
      vertex -63.5341 -14.9769 1.5
    endloop
  endfacet
  facet normal 0.242935 0.970042 0
    outer loop
      vertex -63.6483 -14.9483 1.5
      vertex -63.5341 -14.9769 0
      vertex -63.6483 -14.9483 0
    endloop
  endfacet
  facet normal 0.336283 -0.941761 0
    outer loop
      vertex -63.7592 14.9087 0
      vertex -63.6483 14.9483 1.5
      vertex -63.7592 14.9087 1.5
    endloop
  endfacet
  facet normal 0.336283 -0.941761 0
    outer loop
      vertex -63.6483 14.9483 1.5
      vertex -63.7592 14.9087 0
      vertex -63.6483 14.9483 0
    endloop
  endfacet
  facet normal -0.146887 -0.989153 0
    outer loop
      vertex 63.4176 14.9942 0
      vertex 63.5341 14.9769 1.5
      vertex 63.4176 14.9942 1.5
    endloop
  endfacet
  facet normal -0.146887 -0.989153 -0
    outer loop
      vertex 63.5341 14.9769 1.5
      vertex 63.4176 14.9942 0
      vertex 63.5341 14.9769 0
    endloop
  endfacet
  facet normal 0.970042 -0.242935 0
    outer loop
      vertex -64.4769 14.0341 1.5
      vertex -64.4483 14.1483 0
      vertex -64.4483 14.1483 1.5
    endloop
  endfacet
  facet normal 0.970042 -0.242935 0
    outer loop
      vertex -64.4483 14.1483 0
      vertex -64.4769 14.0341 1.5
      vertex -64.4769 14.0341 0
    endloop
  endfacet
  facet normal 0.595918 -0.803046 0
    outer loop
      vertex -64.0613 14.7276 0
      vertex -63.9667 14.7978 1.5
      vertex -64.0613 14.7276 1.5
    endloop
  endfacet
  facet normal 0.595918 -0.803046 0
    outer loop
      vertex -63.9667 14.7978 1.5
      vertex -64.0613 14.7276 0
      vertex -63.9667 14.7978 0
    endloop
  endfacet
  facet normal 0.989153 -0.146887 0
    outer loop
      vertex -64.4942 13.9176 1.5
      vertex -64.4769 14.0341 0
      vertex -64.4769 14.0341 1.5
    endloop
  endfacet
  facet normal 0.989153 -0.146887 0
    outer loop
      vertex -64.4769 14.0341 0
      vertex -64.4942 13.9176 1.5
      vertex -64.4942 13.9176 0
    endloop
  endfacet
  facet normal 0.998786 -0.0492599 0
    outer loop
      vertex -64.5 13.8 1.5
      vertex -64.4942 13.9176 0
      vertex -64.4942 13.9176 1.5
    endloop
  endfacet
  facet normal 0.998786 -0.0492599 0
    outer loop
      vertex -64.4942 13.9176 0
      vertex -64.5 13.8 1.5
      vertex -64.5 13.8 0
    endloop
  endfacet
  facet normal -0.941761 0.336283 0
    outer loop
      vertex 64.4087 -14.2592 0
      vertex 64.4483 -14.1483 1.5
      vertex 64.4483 -14.1483 0
    endloop
  endfacet
  facet normal -0.941761 0.336283 0
    outer loop
      vertex 64.4483 -14.1483 1.5
      vertex 64.4087 -14.2592 0
      vertex 64.4087 -14.2592 1.5
    endloop
  endfacet
  facet normal -0.941761 -0.336283 0
    outer loop
      vertex 64.4483 14.1483 0
      vertex 64.4087 14.2592 1.5
      vertex 64.4087 14.2592 0
    endloop
  endfacet
  facet normal -0.941761 -0.336283 0
    outer loop
      vertex 64.4087 14.2592 1.5
      vertex 64.4483 14.1483 0
      vertex 64.4483 14.1483 1.5
    endloop
  endfacet
  facet normal -0.595918 0.803046 0
    outer loop
      vertex 64.0613 -14.7276 0
      vertex 63.9667 -14.7978 1.5
      vertex 64.0613 -14.7276 1.5
    endloop
  endfacet
  facet normal -0.595918 0.803046 0
    outer loop
      vertex 63.9667 -14.7978 1.5
      vertex 64.0613 -14.7276 0
      vertex 63.9667 -14.7978 0
    endloop
  endfacet
  facet normal -0.970042 0.242935 0
    outer loop
      vertex 64.4483 -14.1483 0
      vertex 64.4769 -14.0341 1.5
      vertex 64.4769 -14.0341 0
    endloop
  endfacet
  facet normal -0.970042 0.242935 0
    outer loop
      vertex 64.4769 -14.0341 1.5
      vertex 64.4483 -14.1483 0
      vertex 64.4483 -14.1483 1.5
    endloop
  endfacet
  facet normal -0.74067 -0.671869 0
    outer loop
      vertex 64.2276 14.5613 0
      vertex 64.1485 14.6485 1.5
      vertex 64.1485 14.6485 0
    endloop
  endfacet
  facet normal -0.74067 -0.671869 0
    outer loop
      vertex 64.1485 14.6485 1.5
      vertex 64.2276 14.5613 0
      vertex 64.2276 14.5613 1.5
    endloop
  endfacet
  facet normal -0.595918 -0.803046 0
    outer loop
      vertex 63.9667 14.7978 0
      vertex 64.0613 14.7276 1.5
      vertex 63.9667 14.7978 1.5
    endloop
  endfacet
  facet normal -0.595918 -0.803046 -0
    outer loop
      vertex 64.0613 14.7276 1.5
      vertex 63.9667 14.7978 0
      vertex 64.0613 14.7276 0
    endloop
  endfacet
  facet normal -0.857867 -0.513871 0
    outer loop
      vertex 64.3583 14.3657 0
      vertex 64.2978 14.4667 1.5
      vertex 64.2978 14.4667 0
    endloop
  endfacet
  facet normal -0.857867 -0.513871 0
    outer loop
      vertex 64.2978 14.4667 1.5
      vertex 64.3583 14.3657 0
      vertex 64.3583 14.3657 1.5
    endloop
  endfacet
  facet normal -0.0492599 -0.998786 0
    outer loop
      vertex 63.3 15 0
      vertex 63.4176 14.9942 1.5
      vertex 63.3 15 1.5
    endloop
  endfacet
  facet normal -0.0492599 -0.998786 -0
    outer loop
      vertex 63.4176 14.9942 1.5
      vertex 63.3 15 0
      vertex 63.4176 14.9942 0
    endloop
  endfacet
  facet normal -0.242935 -0.970042 0
    outer loop
      vertex 63.5341 14.9769 0
      vertex 63.6483 14.9483 1.5
      vertex 63.5341 14.9769 1.5
    endloop
  endfacet
  facet normal -0.242935 -0.970042 -0
    outer loop
      vertex 63.6483 14.9483 1.5
      vertex 63.5341 14.9769 0
      vertex 63.6483 14.9483 0
    endloop
  endfacet
  facet normal 0.513871 -0.857867 0
    outer loop
      vertex -63.9667 14.7978 0
      vertex -63.8657 14.8583 1.5
      vertex -63.9667 14.7978 1.5
    endloop
  endfacet
  facet normal 0.513871 -0.857867 0
    outer loop
      vertex -63.8657 14.8583 1.5
      vertex -63.9667 14.7978 0
      vertex -63.8657 14.8583 0
    endloop
  endfacet
  facet normal 0.803046 -0.595918 0
    outer loop
      vertex -64.2978 14.4667 1.5
      vertex -64.2276 14.5613 0
      vertex -64.2276 14.5613 1.5
    endloop
  endfacet
  facet normal 0.803046 -0.595918 0
    outer loop
      vertex -64.2276 14.5613 0
      vertex -64.2978 14.4667 1.5
      vertex -64.2978 14.4667 0
    endloop
  endfacet
  facet normal 0.903893 -0.427758 0
    outer loop
      vertex -64.4087 14.2592 1.5
      vertex -64.3583 14.3657 0
      vertex -64.3583 14.3657 1.5
    endloop
  endfacet
  facet normal 0.903893 -0.427758 0
    outer loop
      vertex -64.3583 14.3657 0
      vertex -64.4087 14.2592 1.5
      vertex -64.4087 14.2592 0
    endloop
  endfacet
  facet normal -0.803046 -0.595918 0
    outer loop
      vertex 64.2978 14.4667 0
      vertex 64.2276 14.5613 1.5
      vertex 64.2276 14.5613 0
    endloop
  endfacet
  facet normal -0.803046 -0.595918 0
    outer loop
      vertex 64.2276 14.5613 1.5
      vertex 64.2978 14.4667 0
      vertex 64.2978 14.4667 1.5
    endloop
  endfacet
  facet normal -0.671869 0.74067 0
    outer loop
      vertex 64.1485 -14.6485 0
      vertex 64.0613 -14.7276 1.5
      vertex 64.1485 -14.6485 1.5
    endloop
  endfacet
  facet normal -0.671869 0.74067 0
    outer loop
      vertex 64.0613 -14.7276 1.5
      vertex 64.1485 -14.6485 0
      vertex 64.0613 -14.7276 0
    endloop
  endfacet
  facet normal -0.74067 0.671869 0
    outer loop
      vertex 64.1485 -14.6485 0
      vertex 64.2276 -14.5613 1.5
      vertex 64.2276 -14.5613 0
    endloop
  endfacet
  facet normal -0.74067 0.671869 0
    outer loop
      vertex 64.2276 -14.5613 1.5
      vertex 64.1485 -14.6485 0
      vertex 64.1485 -14.6485 1.5
    endloop
  endfacet
  facet normal -0.336283 0.941761 0
    outer loop
      vertex 63.7592 -14.9087 0
      vertex 63.6483 -14.9483 1.5
      vertex 63.7592 -14.9087 1.5
    endloop
  endfacet
  facet normal -0.336283 0.941761 0
    outer loop
      vertex 63.6483 -14.9483 1.5
      vertex 63.7592 -14.9087 0
      vertex 63.6483 -14.9483 0
    endloop
  endfacet
  facet normal 0.74067 0.671869 0
    outer loop
      vertex -64.1485 -14.6485 1.5
      vertex -64.2276 -14.5613 0
      vertex -64.2276 -14.5613 1.5
    endloop
  endfacet
  facet normal 0.74067 0.671869 0
    outer loop
      vertex -64.2276 -14.5613 0
      vertex -64.1485 -14.6485 1.5
      vertex -64.1485 -14.6485 0
    endloop
  endfacet
  facet normal 0.671869 -0.74067 0
    outer loop
      vertex -64.1485 14.6485 0
      vertex -64.0613 14.7276 1.5
      vertex -64.1485 14.6485 1.5
    endloop
  endfacet
  facet normal 0.671869 -0.74067 0
    outer loop
      vertex -64.0613 14.7276 1.5
      vertex -64.1485 14.6485 0
      vertex -64.0613 14.7276 0
    endloop
  endfacet
  facet normal 0.74067 -0.671869 0
    outer loop
      vertex -64.2276 14.5613 1.5
      vertex -64.1485 14.6485 0
      vertex -64.1485 14.6485 1.5
    endloop
  endfacet
  facet normal 0.74067 -0.671869 0
    outer loop
      vertex -64.1485 14.6485 0
      vertex -64.2276 14.5613 1.5
      vertex -64.2276 14.5613 0
    endloop
  endfacet
  facet normal -0.903893 0.427758 0
    outer loop
      vertex 64.3583 -14.3657 0
      vertex 64.4087 -14.2592 1.5
      vertex 64.4087 -14.2592 0
    endloop
  endfacet
  facet normal -0.903893 0.427758 0
    outer loop
      vertex 64.4087 -14.2592 1.5
      vertex 64.3583 -14.3657 0
      vertex 64.3583 -14.3657 1.5
    endloop
  endfacet
  facet normal -0.242935 0.970042 0
    outer loop
      vertex 63.6483 -14.9483 0
      vertex 63.5341 -14.9769 1.5
      vertex 63.6483 -14.9483 1.5
    endloop
  endfacet
  facet normal -0.242935 0.970042 0
    outer loop
      vertex 63.5341 -14.9769 1.5
      vertex 63.6483 -14.9483 0
      vertex 63.5341 -14.9769 0
    endloop
  endfacet
  facet normal 0.857867 0.513871 0
    outer loop
      vertex -64.2978 -14.4667 1.5
      vertex -64.3583 -14.3657 0
      vertex -64.3583 -14.3657 1.5
    endloop
  endfacet
  facet normal 0.857867 0.513871 0
    outer loop
      vertex -64.3583 -14.3657 0
      vertex -64.2978 -14.4667 1.5
      vertex -64.2978 -14.4667 0
    endloop
  endfacet
  facet normal -0.803046 0.595918 0
    outer loop
      vertex 64.2276 -14.5613 0
      vertex 64.2978 -14.4667 1.5
      vertex 64.2978 -14.4667 0
    endloop
  endfacet
  facet normal -0.803046 0.595918 0
    outer loop
      vertex 64.2978 -14.4667 1.5
      vertex 64.2276 -14.5613 0
      vertex 64.2276 -14.5613 1.5
    endloop
  endfacet
  facet normal 0.595918 0.803046 -0
    outer loop
      vertex -63.9667 -14.7978 0
      vertex -64.0613 -14.7276 1.5
      vertex -63.9667 -14.7978 1.5
    endloop
  endfacet
  facet normal 0.595918 0.803046 0
    outer loop
      vertex -64.0613 -14.7276 1.5
      vertex -63.9667 -14.7978 0
      vertex -64.0613 -14.7276 0
    endloop
  endfacet
  facet normal 0.427758 0.903893 -0
    outer loop
      vertex -63.7592 -14.9087 0
      vertex -63.8657 -14.8583 1.5
      vertex -63.7592 -14.9087 1.5
    endloop
  endfacet
  facet normal 0.427758 0.903893 0
    outer loop
      vertex -63.8657 -14.8583 1.5
      vertex -63.7592 -14.9087 0
      vertex -63.8657 -14.8583 0
    endloop
  endfacet
  facet normal 0.0492599 0.998786 -0
    outer loop
      vertex -63.3 -15 0
      vertex -63.4176 -14.9942 1.5
      vertex -63.3 -15 1.5
    endloop
  endfacet
  facet normal 0.0492599 0.998786 0
    outer loop
      vertex -63.4176 -14.9942 1.5
      vertex -63.3 -15 0
      vertex -63.4176 -14.9942 0
    endloop
  endfacet
  facet normal 0.146887 0.989153 -0
    outer loop
      vertex -63.4176 -14.9942 0
      vertex -63.5341 -14.9769 1.5
      vertex -63.4176 -14.9942 1.5
    endloop
  endfacet
  facet normal 0.146887 0.989153 0
    outer loop
      vertex -63.5341 -14.9769 1.5
      vertex -63.4176 -14.9942 0
      vertex -63.5341 -14.9769 0
    endloop
  endfacet
  facet normal 0.671869 0.74067 -0
    outer loop
      vertex -64.0613 -14.7276 0
      vertex -64.1485 -14.6485 1.5
      vertex -64.0613 -14.7276 1.5
    endloop
  endfacet
  facet normal 0.671869 0.74067 0
    outer loop
      vertex -64.1485 -14.6485 1.5
      vertex -64.0613 -14.7276 0
      vertex -64.1485 -14.6485 0
    endloop
  endfacet
  facet normal 0.513871 0.857867 -0
    outer loop
      vertex -63.8657 -14.8583 0
      vertex -63.9667 -14.7978 1.5
      vertex -63.8657 -14.8583 1.5
    endloop
  endfacet
  facet normal 0.513871 0.857867 0
    outer loop
      vertex -63.9667 -14.7978 1.5
      vertex -63.8657 -14.8583 0
      vertex -63.9667 -14.7978 0
    endloop
  endfacet
  facet normal 0.941761 0.336283 0
    outer loop
      vertex -64.4087 -14.2592 1.5
      vertex -64.4483 -14.1483 0
      vertex -64.4483 -14.1483 1.5
    endloop
  endfacet
  facet normal 0.941761 0.336283 0
    outer loop
      vertex -64.4483 -14.1483 0
      vertex -64.4087 -14.2592 1.5
      vertex -64.4087 -14.2592 0
    endloop
  endfacet
  facet normal 0.969982 0.243175 0
    outer loop
      vertex -65.9354 -15.4354 6
      vertex -65.9712 -15.2926 1.5
      vertex -65.9712 -15.2926 6
    endloop
  endfacet
  facet normal 0.969982 0.243175 0
    outer loop
      vertex -65.9712 -15.2926 1.5
      vertex -65.9354 -15.4354 6
      vertex -65.9354 -15.4354 1.5
    endloop
  endfacet
  facet normal 0.336939 0.941527 -0
    outer loop
      vertex -64.9354 -16.4354 1.5
      vertex -65.074 -16.3858 6
      vertex -64.9354 -16.4354 6
    endloop
  endfacet
  facet normal 0.336939 0.941527 0
    outer loop
      vertex -65.074 -16.3858 6
      vertex -64.9354 -16.4354 1.5
      vertex -65.074 -16.3858 1.5
    endloop
  endfacet
  facet normal -0.904125 -0.427269 0
    outer loop
      vertex 65.8858 15.574 1.5
      vertex 65.8229 15.7071 6
      vertex 65.8229 15.7071 1.5
    endloop
  endfacet
  facet normal -0.904125 -0.427269 0
    outer loop
      vertex 65.8229 15.7071 6
      vertex 65.8858 15.574 1.5
      vertex 65.8858 15.574 6
    endloop
  endfacet
  facet normal -0.941527 0.336939 0
    outer loop
      vertex 65.8858 -15.574 1.5
      vertex 65.9354 -15.4354 6
      vertex 65.9354 -15.4354 1.5
    endloop
  endfacet
  facet normal -0.941527 0.336939 0
    outer loop
      vertex 65.9354 -15.4354 6
      vertex 65.8858 -15.574 1.5
      vertex 65.8858 -15.574 6
    endloop
  endfacet
  facet normal 0.998803 0.0489209 0
    outer loop
      vertex -65.9928 -15.147 6
      vertex -66 -15 1.5
      vertex -66 -15 6
    endloop
  endfacet
  facet normal 0.998803 0.0489209 0
    outer loop
      vertex -66 -15 1.5
      vertex -65.9928 -15.147 6
      vertex -65.9928 -15.147 1.5
    endloop
  endfacet
  facet normal -0.969982 -0.243175 0
    outer loop
      vertex 65.9712 15.2926 1.5
      vertex 65.9354 15.4354 6
      vertex 65.9354 15.4354 1.5
    endloop
  endfacet
  facet normal -0.969982 -0.243175 0
    outer loop
      vertex 65.9354 15.4354 6
      vertex 65.9712 15.2926 1.5
      vertex 65.9712 15.2926 6
    endloop
  endfacet
  facet normal 0 -1 0
    outer loop
      vertex -64.5 16.5 1.5
      vertex 64.5 16.5 6
      vertex -64.5 16.5 6
    endloop
  endfacet
  facet normal 0 -1 -0
    outer loop
      vertex 64.5 16.5 6
      vertex -64.5 16.5 1.5
      vertex 64.5 16.5 1.5
    endloop
  endfacet
  facet normal -0.0489209 0.998803 0
    outer loop
      vertex 64.647 -16.4928 1.5
      vertex 64.5 -16.5 6
      vertex 64.647 -16.4928 6
    endloop
  endfacet
  facet normal -0.0489209 0.998803 0
    outer loop
      vertex 64.5 -16.5 6
      vertex 64.647 -16.4928 1.5
      vertex 64.5 -16.5 1.5
    endloop
  endfacet
  facet normal -1 0 0
    outer loop
      vertex 66 -15 1.5
      vertex 66 15 6
      vertex 66 15 1.5
    endloop
  endfacet
  facet normal -1 -0 0
    outer loop
      vertex 66 15 6
      vertex 66 -15 1.5
      vertex 66 -15 6
    endloop
  endfacet
  facet normal 1 -0 0
    outer loop
      vertex -66 -15 6
      vertex -66 15 1.5
      vertex -66 15 6
    endloop
  endfacet
  facet normal 1 0 0
    outer loop
      vertex -66 15 1.5
      vertex -66 -15 6
      vertex -66 -15 1.5
    endloop
  endfacet
  facet normal 0.336939 -0.941527 0
    outer loop
      vertex -65.074 16.3858 1.5
      vertex -64.9354 16.4354 6
      vertex -65.074 16.3858 6
    endloop
  endfacet
  facet normal 0.336939 -0.941527 0
    outer loop
      vertex -64.9354 16.4354 6
      vertex -65.074 16.3858 1.5
      vertex -64.9354 16.4354 1.5
    endloop
  endfacet
  facet normal 0.989174 0.146746 0
    outer loop
      vertex -65.9712 -15.2926 6
      vertex -65.9928 -15.147 1.5
      vertex -65.9928 -15.147 6
    endloop
  endfacet
  facet normal 0.989174 0.146746 0
    outer loop
      vertex -65.9928 -15.147 1.5
      vertex -65.9712 -15.2926 6
      vertex -65.9712 -15.2926 1.5
    endloop
  endfacet
  facet normal -0.427269 0.904125 0
    outer loop
      vertex 65.2071 -16.3229 1.5
      vertex 65.074 -16.3858 6
      vertex 65.2071 -16.3229 6
    endloop
  endfacet
  facet normal -0.427269 0.904125 0
    outer loop
      vertex 65.074 -16.3858 6
      vertex 65.2071 -16.3229 1.5
      vertex 65.074 -16.3858 1.5
    endloop
  endfacet
  facet normal -0.998803 -0.0489209 0
    outer loop
      vertex 66 15 1.5
      vertex 65.9928 15.147 6
      vertex 65.9928 15.147 1.5
    endloop
  endfacet
  facet normal -0.998803 -0.0489209 0
    outer loop
      vertex 65.9928 15.147 6
      vertex 66 15 1.5
      vertex 66 15 6
    endloop
  endfacet
  facet normal -0.0489209 -0.998803 0
    outer loop
      vertex 64.5 16.5 1.5
      vertex 64.647 16.4928 6
      vertex 64.5 16.5 6
    endloop
  endfacet
  facet normal -0.0489209 -0.998803 -0
    outer loop
      vertex 64.647 16.4928 6
      vertex 64.5 16.5 1.5
      vertex 64.647 16.4928 1.5
    endloop
  endfacet
  facet normal 0.803088 0.595861 0
    outer loop
      vertex -65.6595 -15.9516 6
      vertex -65.7472 -15.8334 1.5
      vertex -65.7472 -15.8334 6
    endloop
  endfacet
  facet normal 0.803088 0.595861 0
    outer loop
      vertex -65.7472 -15.8334 1.5
      vertex -65.6595 -15.9516 6
      vertex -65.6595 -15.9516 1.5
    endloop
  endfacet
  facet normal 0.0489209 -0.998803 0
    outer loop
      vertex -64.647 16.4928 1.5
      vertex -64.5 16.5 6
      vertex -64.647 16.4928 6
    endloop
  endfacet
  facet normal 0.0489209 -0.998803 0
    outer loop
      vertex -64.5 16.5 6
      vertex -64.647 16.4928 1.5
      vertex -64.5 16.5 1.5
    endloop
  endfacet
  facet normal 0.941527 -0.336939 0
    outer loop
      vertex -65.9354 15.4354 6
      vertex -65.8858 15.574 1.5
      vertex -65.8858 15.574 6
    endloop
  endfacet
  facet normal 0.941527 -0.336939 0
    outer loop
      vertex -65.8858 15.574 1.5
      vertex -65.9354 15.4354 6
      vertex -65.9354 15.4354 1.5
    endloop
  endfacet
  facet normal -0.989174 -0.146746 0
    outer loop
      vertex 65.9928 15.147 1.5
      vertex 65.9712 15.2926 6
      vertex 65.9712 15.2926 1.5
    endloop
  endfacet
  facet normal -0.989174 -0.146746 0
    outer loop
      vertex 65.9712 15.2926 6
      vertex 65.9928 15.147 1.5
      vertex 65.9928 15.147 6
    endloop
  endfacet
  facet normal -0.998803 0.0489209 0
    outer loop
      vertex 65.9928 -15.147 1.5
      vertex 66 -15 6
      vertex 66 -15 1.5
    endloop
  endfacet
  facet normal -0.998803 0.0489209 0
    outer loop
      vertex 66 -15 6
      vertex 65.9928 -15.147 1.5
      vertex 65.9928 -15.147 6
    endloop
  endfacet
  facet normal 0.74123 0.671251 0
    outer loop
      vertex -65.5607 -16.0607 6
      vertex -65.6595 -15.9516 1.5
      vertex -65.6595 -15.9516 6
    endloop
  endfacet
  facet normal 0.74123 0.671251 0
    outer loop
      vertex -65.6595 -15.9516 1.5
      vertex -65.5607 -16.0607 6
      vertex -65.5607 -16.0607 1.5
    endloop
  endfacet
  facet normal -0.989174 0.146746 0
    outer loop
      vertex 65.9712 -15.2926 1.5
      vertex 65.9928 -15.147 6
      vertex 65.9928 -15.147 1.5
    endloop
  endfacet
  facet normal -0.989174 0.146746 0
    outer loop
      vertex 65.9928 -15.147 6
      vertex 65.9712 -15.2926 1.5
      vertex 65.9712 -15.2926 6
    endloop
  endfacet
  facet normal 0 1 -0
    outer loop
      vertex 64.5 -16.5 1.5
      vertex -64.5 -16.5 6
      vertex 64.5 -16.5 6
    endloop
  endfacet
  facet normal 0 1 0
    outer loop
      vertex -64.5 -16.5 6
      vertex 64.5 -16.5 1.5
      vertex -64.5 -16.5 1.5
    endloop
  endfacet
  facet normal 0.595861 0.803088 -0
    outer loop
      vertex -65.3334 -16.2472 1.5
      vertex -65.4516 -16.1595 6
      vertex -65.3334 -16.2472 6
    endloop
  endfacet
  facet normal 0.595861 0.803088 0
    outer loop
      vertex -65.4516 -16.1595 6
      vertex -65.3334 -16.2472 1.5
      vertex -65.4516 -16.1595 1.5
    endloop
  endfacet
  facet normal -0.941527 -0.336939 0
    outer loop
      vertex 65.9354 15.4354 1.5
      vertex 65.8858 15.574 6
      vertex 65.8858 15.574 1.5
    endloop
  endfacet
  facet normal -0.941527 -0.336939 0
    outer loop
      vertex 65.8858 15.574 6
      vertex 65.9354 15.4354 1.5
      vertex 65.9354 15.4354 6
    endloop
  endfacet
  facet normal -0.243175 0.969982 0
    outer loop
      vertex 64.9354 -16.4354 1.5
      vertex 64.7926 -16.4712 6
      vertex 64.9354 -16.4354 6
    endloop
  endfacet
  facet normal -0.243175 0.969982 0
    outer loop
      vertex 64.7926 -16.4712 6
      vertex 64.9354 -16.4354 1.5
      vertex 64.7926 -16.4712 1.5
    endloop
  endfacet
  facet normal -0.857733 0.514096 0
    outer loop
      vertex 65.7472 -15.8334 1.5
      vertex 65.8229 -15.7071 6
      vertex 65.8229 -15.7071 1.5
    endloop
  endfacet
  facet normal -0.857733 0.514096 0
    outer loop
      vertex 65.8229 -15.7071 6
      vertex 65.7472 -15.8334 1.5
      vertex 65.7472 -15.8334 6
    endloop
  endfacet
  facet normal -0.969982 0.243175 0
    outer loop
      vertex 65.9354 -15.4354 1.5
      vertex 65.9712 -15.2926 6
      vertex 65.9712 -15.2926 1.5
    endloop
  endfacet
  facet normal -0.969982 0.243175 0
    outer loop
      vertex 65.9712 -15.2926 6
      vertex 65.9354 -15.4354 1.5
      vertex 65.9354 -15.4354 6
    endloop
  endfacet
  facet normal 0.969982 -0.243175 0
    outer loop
      vertex -65.9712 15.2926 6
      vertex -65.9354 15.4354 1.5
      vertex -65.9354 15.4354 6
    endloop
  endfacet
  facet normal 0.969982 -0.243175 0
    outer loop
      vertex -65.9354 15.4354 1.5
      vertex -65.9712 15.2926 6
      vertex -65.9712 15.2926 1.5
    endloop
  endfacet
  facet normal 0.427269 -0.904125 0
    outer loop
      vertex -65.2071 16.3229 1.5
      vertex -65.074 16.3858 6
      vertex -65.2071 16.3229 6
    endloop
  endfacet
  facet normal 0.427269 -0.904125 0
    outer loop
      vertex -65.074 16.3858 6
      vertex -65.2071 16.3229 1.5
      vertex -65.074 16.3858 1.5
    endloop
  endfacet
  facet normal -0.146746 0.989174 0
    outer loop
      vertex 64.7926 -16.4712 1.5
      vertex 64.647 -16.4928 6
      vertex 64.7926 -16.4712 6
    endloop
  endfacet
  facet normal -0.146746 0.989174 0
    outer loop
      vertex 64.647 -16.4928 6
      vertex 64.7926 -16.4712 1.5
      vertex 64.647 -16.4928 1.5
    endloop
  endfacet
  facet normal -0.514096 -0.857733 0
    outer loop
      vertex 65.2071 16.3229 1.5
      vertex 65.3334 16.2472 6
      vertex 65.2071 16.3229 6
    endloop
  endfacet
  facet normal -0.514096 -0.857733 -0
    outer loop
      vertex 65.3334 16.2472 6
      vertex 65.2071 16.3229 1.5
      vertex 65.3334 16.2472 1.5
    endloop
  endfacet
  facet normal 0.243175 -0.969982 0
    outer loop
      vertex -64.9354 16.4354 1.5
      vertex -64.7926 16.4712 6
      vertex -64.9354 16.4354 6
    endloop
  endfacet
  facet normal 0.243175 -0.969982 0
    outer loop
      vertex -64.7926 16.4712 6
      vertex -64.9354 16.4354 1.5
      vertex -64.7926 16.4712 1.5
    endloop
  endfacet
  facet normal -0.671251 -0.74123 0
    outer loop
      vertex 65.4516 16.1595 1.5
      vertex 65.5607 16.0607 6
      vertex 65.4516 16.1595 6
    endloop
  endfacet
  facet normal -0.671251 -0.74123 -0
    outer loop
      vertex 65.5607 16.0607 6
      vertex 65.4516 16.1595 1.5
      vertex 65.5607 16.0607 1.5
    endloop
  endfacet
  facet normal -0.803088 -0.595861 0
    outer loop
      vertex 65.7472 15.8334 1.5
      vertex 65.6595 15.9516 6
      vertex 65.6595 15.9516 1.5
    endloop
  endfacet
  facet normal -0.803088 -0.595861 0
    outer loop
      vertex 65.6595 15.9516 6
      vertex 65.7472 15.8334 1.5
      vertex 65.7472 15.8334 6
    endloop
  endfacet
  facet normal 0.243175 0.969982 -0
    outer loop
      vertex -64.7926 -16.4712 1.5
      vertex -64.9354 -16.4354 6
      vertex -64.7926 -16.4712 6
    endloop
  endfacet
  facet normal 0.243175 0.969982 0
    outer loop
      vertex -64.9354 -16.4354 6
      vertex -64.7926 -16.4712 1.5
      vertex -64.9354 -16.4354 1.5
    endloop
  endfacet
  facet normal -0.595861 -0.803088 0
    outer loop
      vertex 65.3334 16.2472 1.5
      vertex 65.4516 16.1595 6
      vertex 65.3334 16.2472 6
    endloop
  endfacet
  facet normal -0.595861 -0.803088 -0
    outer loop
      vertex 65.4516 16.1595 6
      vertex 65.3334 16.2472 1.5
      vertex 65.4516 16.1595 1.5
    endloop
  endfacet
  facet normal -0.243175 -0.969982 0
    outer loop
      vertex 64.7926 16.4712 1.5
      vertex 64.9354 16.4354 6
      vertex 64.7926 16.4712 6
    endloop
  endfacet
  facet normal -0.243175 -0.969982 -0
    outer loop
      vertex 64.9354 16.4354 6
      vertex 64.7926 16.4712 1.5
      vertex 64.9354 16.4354 1.5
    endloop
  endfacet
  facet normal 0.904125 0.427269 0
    outer loop
      vertex -65.8229 -15.7071 6
      vertex -65.8858 -15.574 1.5
      vertex -65.8858 -15.574 6
    endloop
  endfacet
  facet normal 0.904125 0.427269 0
    outer loop
      vertex -65.8858 -15.574 1.5
      vertex -65.8229 -15.7071 6
      vertex -65.8229 -15.7071 1.5
    endloop
  endfacet
  facet normal -0.146746 -0.989174 0
    outer loop
      vertex 64.647 16.4928 1.5
      vertex 64.7926 16.4712 6
      vertex 64.647 16.4928 6
    endloop
  endfacet
  facet normal -0.146746 -0.989174 -0
    outer loop
      vertex 64.7926 16.4712 6
      vertex 64.647 16.4928 1.5
      vertex 64.7926 16.4712 1.5
    endloop
  endfacet
  facet normal 0.857733 -0.514096 0
    outer loop
      vertex -65.8229 15.7071 6
      vertex -65.7472 15.8334 1.5
      vertex -65.7472 15.8334 6
    endloop
  endfacet
  facet normal 0.857733 -0.514096 0
    outer loop
      vertex -65.7472 15.8334 1.5
      vertex -65.8229 15.7071 6
      vertex -65.8229 15.7071 1.5
    endloop
  endfacet
  facet normal 0.595861 -0.803088 0
    outer loop
      vertex -65.4516 16.1595 1.5
      vertex -65.3334 16.2472 6
      vertex -65.4516 16.1595 6
    endloop
  endfacet
  facet normal 0.595861 -0.803088 0
    outer loop
      vertex -65.3334 16.2472 6
      vertex -65.4516 16.1595 1.5
      vertex -65.3334 16.2472 1.5
    endloop
  endfacet
  facet normal 0.904125 -0.427269 0
    outer loop
      vertex -65.8858 15.574 6
      vertex -65.8229 15.7071 1.5
      vertex -65.8229 15.7071 6
    endloop
  endfacet
  facet normal 0.904125 -0.427269 0
    outer loop
      vertex -65.8229 15.7071 1.5
      vertex -65.8858 15.574 6
      vertex -65.8858 15.574 1.5
    endloop
  endfacet
  facet normal 0.514096 -0.857733 0
    outer loop
      vertex -65.3334 16.2472 1.5
      vertex -65.2071 16.3229 6
      vertex -65.3334 16.2472 6
    endloop
  endfacet
  facet normal 0.514096 -0.857733 0
    outer loop
      vertex -65.2071 16.3229 6
      vertex -65.3334 16.2472 1.5
      vertex -65.2071 16.3229 1.5
    endloop
  endfacet
  facet normal -0.803088 0.595861 0
    outer loop
      vertex 65.6595 -15.9516 1.5
      vertex 65.7472 -15.8334 6
      vertex 65.7472 -15.8334 1.5
    endloop
  endfacet
  facet normal -0.803088 0.595861 0
    outer loop
      vertex 65.7472 -15.8334 6
      vertex 65.6595 -15.9516 1.5
      vertex 65.6595 -15.9516 6
    endloop
  endfacet
  facet normal 0.514096 0.857733 -0
    outer loop
      vertex -65.2071 -16.3229 1.5
      vertex -65.3334 -16.2472 6
      vertex -65.2071 -16.3229 6
    endloop
  endfacet
  facet normal 0.514096 0.857733 0
    outer loop
      vertex -65.3334 -16.2472 6
      vertex -65.2071 -16.3229 1.5
      vertex -65.3334 -16.2472 1.5
    endloop
  endfacet
  facet normal 0.146746 -0.989174 0
    outer loop
      vertex -64.7926 16.4712 1.5
      vertex -64.647 16.4928 6
      vertex -64.7926 16.4712 6
    endloop
  endfacet
  facet normal 0.146746 -0.989174 0
    outer loop
      vertex -64.647 16.4928 6
      vertex -64.7926 16.4712 1.5
      vertex -64.647 16.4928 1.5
    endloop
  endfacet
  facet normal 0.671251 0.74123 -0
    outer loop
      vertex -65.4516 -16.1595 1.5
      vertex -65.5607 -16.0607 6
      vertex -65.4516 -16.1595 6
    endloop
  endfacet
  facet normal 0.671251 0.74123 0
    outer loop
      vertex -65.5607 -16.0607 6
      vertex -65.4516 -16.1595 1.5
      vertex -65.5607 -16.0607 1.5
    endloop
  endfacet
  facet normal -0.427269 -0.904125 0
    outer loop
      vertex 65.074 16.3858 1.5
      vertex 65.2071 16.3229 6
      vertex 65.074 16.3858 6
    endloop
  endfacet
  facet normal -0.427269 -0.904125 -0
    outer loop
      vertex 65.2071 16.3229 6
      vertex 65.074 16.3858 1.5
      vertex 65.2071 16.3229 1.5
    endloop
  endfacet
  facet normal -0.336939 -0.941527 0
    outer loop
      vertex 64.9354 16.4354 1.5
      vertex 65.074 16.3858 6
      vertex 64.9354 16.4354 6
    endloop
  endfacet
  facet normal -0.336939 -0.941527 -0
    outer loop
      vertex 65.074 16.3858 6
      vertex 64.9354 16.4354 1.5
      vertex 65.074 16.3858 1.5
    endloop
  endfacet
  facet normal -0.336939 0.941527 0
    outer loop
      vertex 65.074 -16.3858 1.5
      vertex 64.9354 -16.4354 6
      vertex 65.074 -16.3858 6
    endloop
  endfacet
  facet normal -0.336939 0.941527 0
    outer loop
      vertex 64.9354 -16.4354 6
      vertex 65.074 -16.3858 1.5
      vertex 64.9354 -16.4354 1.5
    endloop
  endfacet
  facet normal 0.989174 -0.146746 0
    outer loop
      vertex -65.9928 15.147 6
      vertex -65.9712 15.2926 1.5
      vertex -65.9712 15.2926 6
    endloop
  endfacet
  facet normal 0.989174 -0.146746 0
    outer loop
      vertex -65.9712 15.2926 1.5
      vertex -65.9928 15.147 6
      vertex -65.9928 15.147 1.5
    endloop
  endfacet
  facet normal 0.803088 -0.595861 0
    outer loop
      vertex -65.7472 15.8334 6
      vertex -65.6595 15.9516 1.5
      vertex -65.6595 15.9516 6
    endloop
  endfacet
  facet normal 0.803088 -0.595861 0
    outer loop
      vertex -65.6595 15.9516 1.5
      vertex -65.7472 15.8334 6
      vertex -65.7472 15.8334 1.5
    endloop
  endfacet
  facet normal -0.857733 -0.514096 0
    outer loop
      vertex 65.8229 15.7071 1.5
      vertex 65.7472 15.8334 6
      vertex 65.7472 15.8334 1.5
    endloop
  endfacet
  facet normal -0.857733 -0.514096 0
    outer loop
      vertex 65.7472 15.8334 6
      vertex 65.8229 15.7071 1.5
      vertex 65.8229 15.7071 6
    endloop
  endfacet
  facet normal 0.998803 -0.0489209 0
    outer loop
      vertex -66 15 6
      vertex -65.9928 15.147 1.5
      vertex -65.9928 15.147 6
    endloop
  endfacet
  facet normal 0.998803 -0.0489209 0
    outer loop
      vertex -65.9928 15.147 1.5
      vertex -66 15 6
      vertex -66 15 1.5
    endloop
  endfacet
  facet normal 0.74123 -0.671251 0
    outer loop
      vertex -65.6595 15.9516 6
      vertex -65.5607 16.0607 1.5
      vertex -65.5607 16.0607 6
    endloop
  endfacet
  facet normal 0.74123 -0.671251 0
    outer loop
      vertex -65.5607 16.0607 1.5
      vertex -65.6595 15.9516 6
      vertex -65.6595 15.9516 1.5
    endloop
  endfacet
  facet normal -0.671251 0.74123 0
    outer loop
      vertex 65.5607 -16.0607 1.5
      vertex 65.4516 -16.1595 6
      vertex 65.5607 -16.0607 6
    endloop
  endfacet
  facet normal -0.671251 0.74123 0
    outer loop
      vertex 65.4516 -16.1595 6
      vertex 65.5607 -16.0607 1.5
      vertex 65.4516 -16.1595 1.5
    endloop
  endfacet
  facet normal -0.74123 0.671251 0
    outer loop
      vertex 65.5607 -16.0607 1.5
      vertex 65.6595 -15.9516 6
      vertex 65.6595 -15.9516 1.5
    endloop
  endfacet
  facet normal -0.74123 0.671251 0
    outer loop
      vertex 65.6595 -15.9516 6
      vertex 65.5607 -16.0607 1.5
      vertex 65.5607 -16.0607 6
    endloop
  endfacet
  facet normal 0.671251 -0.74123 0
    outer loop
      vertex -65.5607 16.0607 1.5
      vertex -65.4516 16.1595 6
      vertex -65.5607 16.0607 6
    endloop
  endfacet
  facet normal 0.671251 -0.74123 0
    outer loop
      vertex -65.4516 16.1595 6
      vertex -65.5607 16.0607 1.5
      vertex -65.4516 16.1595 1.5
    endloop
  endfacet
  facet normal -0.74123 -0.671251 0
    outer loop
      vertex 65.6595 15.9516 1.5
      vertex 65.5607 16.0607 6
      vertex 65.5607 16.0607 1.5
    endloop
  endfacet
  facet normal -0.74123 -0.671251 0
    outer loop
      vertex 65.5607 16.0607 6
      vertex 65.6595 15.9516 1.5
      vertex 65.6595 15.9516 6
    endloop
  endfacet
  facet normal 0.941527 0.336939 0
    outer loop
      vertex -65.8858 -15.574 6
      vertex -65.9354 -15.4354 1.5
      vertex -65.9354 -15.4354 6
    endloop
  endfacet
  facet normal 0.941527 0.336939 0
    outer loop
      vertex -65.9354 -15.4354 1.5
      vertex -65.8858 -15.574 6
      vertex -65.8858 -15.574 1.5
    endloop
  endfacet
  facet normal -0.904125 0.427269 0
    outer loop
      vertex 65.8229 -15.7071 1.5
      vertex 65.8858 -15.574 6
      vertex 65.8858 -15.574 1.5
    endloop
  endfacet
  facet normal -0.904125 0.427269 0
    outer loop
      vertex 65.8858 -15.574 6
      vertex 65.8229 -15.7071 1.5
      vertex 65.8229 -15.7071 6
    endloop
  endfacet
  facet normal 0 0 1
    outer loop
      vertex 66 15 1.5
      vertex 64.4942 13.9176 1.5
      vertex 64.5 13.8 1.5
    endloop
  endfacet
  facet normal 0 0 1
    outer loop
      vertex 64.647 16.4928 1.5
      vertex 64.4769 14.0341 1.5
      vertex 64.4942 13.9176 1.5
    endloop
  endfacet
  facet normal 0 0 1
    outer loop
      vertex 64.647 16.4928 1.5
      vertex 64.4483 14.1483 1.5
      vertex 64.4769 14.0341 1.5
    endloop
  endfacet
  facet normal 0 0 1
    outer loop
      vertex 64.647 16.4928 1.5
      vertex 64.4087 14.2592 1.5
      vertex 64.4483 14.1483 1.5
    endloop
  endfacet
  facet normal 0 0 1
    outer loop
      vertex 64.647 16.4928 1.5
      vertex 64.3583 14.3657 1.5
      vertex 64.4087 14.2592 1.5
    endloop
  endfacet
  facet normal 0 0 1
    outer loop
      vertex 64.647 16.4928 1.5
      vertex 64.2978 14.4667 1.5
      vertex 64.3583 14.3657 1.5
    endloop
  endfacet
  facet normal 0 0 1
    outer loop
      vertex 64.647 16.4928 1.5
      vertex 64.2276 14.5613 1.5
      vertex 64.2978 14.4667 1.5
    endloop
  endfacet
  facet normal 0 0 1
    outer loop
      vertex 64.647 16.4928 1.5
      vertex 64.1485 14.6485 1.5
      vertex 64.2276 14.5613 1.5
    endloop
  endfacet
  facet normal 0 0 1
    outer loop
      vertex 64.647 16.4928 1.5
      vertex 64.0613 14.7276 1.5
      vertex 64.1485 14.6485 1.5
    endloop
  endfacet
  facet normal 0 0 1
    outer loop
      vertex 64.647 16.4928 1.5
      vertex 63.9667 14.7978 1.5
      vertex 64.0613 14.7276 1.5
    endloop
  endfacet
  facet normal 0 0 1
    outer loop
      vertex 64.5 16.5 1.5
      vertex 63.8657 14.8583 1.5
      vertex 63.9667 14.7978 1.5
    endloop
  endfacet
  facet normal 0 0 1
    outer loop
      vertex 64.5 16.5 1.5
      vertex 63.7592 14.9087 1.5
      vertex 63.8657 14.8583 1.5
    endloop
  endfacet
  facet normal 0 0 1
    outer loop
      vertex 64.5 16.5 1.5
      vertex 63.6483 14.9483 1.5
      vertex 63.7592 14.9087 1.5
    endloop
  endfacet
  facet normal 0 0 1
    outer loop
      vertex 64.5 16.5 1.5
      vertex 63.5341 14.9769 1.5
      vertex 63.6483 14.9483 1.5
    endloop
  endfacet
  facet normal 0 0 1
    outer loop
      vertex 64.5 16.5 1.5
      vertex 63.4176 14.9942 1.5
      vertex 63.5341 14.9769 1.5
    endloop
  endfacet
  facet normal 0 0 1
    outer loop
      vertex 64.5 16.5 1.5
      vertex 63.3 15 1.5
      vertex 63.4176 14.9942 1.5
    endloop
  endfacet
  facet normal 0 0 1
    outer loop
      vertex 64.5 16.5 1.5
      vertex -63.3 15 1.5
      vertex 63.3 15 1.5
    endloop
  endfacet
  facet normal -0 0 1
    outer loop
      vertex -64.5 16.5 1.5
      vertex -63.3 15 1.5
      vertex 64.5 16.5 1.5
    endloop
  endfacet
  facet normal 0 0 1
    outer loop
      vertex -64.5 16.5 1.5
      vertex -63.4176 14.9942 1.5
      vertex -63.3 15 1.5
    endloop
  endfacet
  facet normal 0 0 1
    outer loop
      vertex -64.5 16.5 1.5
      vertex -63.5341 14.9769 1.5
      vertex -63.4176 14.9942 1.5
    endloop
  endfacet
  facet normal 0 0 1
    outer loop
      vertex -64.5 16.5 1.5
      vertex -63.6483 14.9483 1.5
      vertex -63.5341 14.9769 1.5
    endloop
  endfacet
  facet normal 0 0 1
    outer loop
      vertex -64.5 16.5 1.5
      vertex -63.7592 14.9087 1.5
      vertex -63.6483 14.9483 1.5
    endloop
  endfacet
  facet normal 0 0 1
    outer loop
      vertex -64.5 16.5 1.5
      vertex -63.8657 14.8583 1.5
      vertex -63.7592 14.9087 1.5
    endloop
  endfacet
  facet normal 0 0 1
    outer loop
      vertex -64.5 16.5 1.5
      vertex -63.9667 14.7978 1.5
      vertex -63.8657 14.8583 1.5
    endloop
  endfacet
  facet normal -0 0 1
    outer loop
      vertex -64.647 16.4928 1.5
      vertex -63.9667 14.7978 1.5
      vertex -64.5 16.5 1.5
    endloop
  endfacet
  facet normal 0 0 1
    outer loop
      vertex -63.9667 14.7978 1.5
      vertex -64.647 16.4928 1.5
      vertex -64.0613 14.7276 1.5
    endloop
  endfacet
  facet normal -0 0 1
    outer loop
      vertex -64.7926 16.4712 1.5
      vertex -64.0613 14.7276 1.5
      vertex -64.647 16.4928 1.5
    endloop
  endfacet
  facet normal -0 0 1
    outer loop
      vertex -64.9354 16.4354 1.5
      vertex -64.0613 14.7276 1.5
      vertex -64.7926 16.4712 1.5
    endloop
  endfacet
  facet normal -0 0 1
    outer loop
      vertex -65.074 16.3858 1.5
      vertex -64.0613 14.7276 1.5
      vertex -64.9354 16.4354 1.5
    endloop
  endfacet
  facet normal -0 0 1
    outer loop
      vertex -65.2071 16.3229 1.5
      vertex -64.0613 14.7276 1.5
      vertex -65.074 16.3858 1.5
    endloop
  endfacet
  facet normal -0 0 1
    outer loop
      vertex -65.3334 16.2472 1.5
      vertex -64.0613 14.7276 1.5
      vertex -65.2071 16.3229 1.5
    endloop
  endfacet
  facet normal 0 0 1
    outer loop
      vertex -64.0613 14.7276 1.5
      vertex -65.3334 16.2472 1.5
      vertex -64.1485 14.6485 1.5
    endloop
  endfacet
  facet normal -0 0 1
    outer loop
      vertex -65.4516 16.1595 1.5
      vertex -64.1485 14.6485 1.5
      vertex -65.3334 16.2472 1.5
    endloop
  endfacet
  facet normal -0 0 1
    outer loop
      vertex -65.5607 16.0607 1.5
      vertex -64.1485 14.6485 1.5
      vertex -65.4516 16.1595 1.5
    endloop
  endfacet
  facet normal -0 0 1
    outer loop
      vertex -65.6595 15.9516 1.5
      vertex -64.1485 14.6485 1.5
      vertex -65.5607 16.0607 1.5
    endloop
  endfacet
  facet normal 0 0 1
    outer loop
      vertex -64.5 13.8 1.5
      vertex -66 15 1.5
      vertex -64.5 -13.8 1.5
    endloop
  endfacet
  facet normal -0 0 1
    outer loop
      vertex -65.7472 15.8334 1.5
      vertex -64.1485 14.6485 1.5
      vertex -65.6595 15.9516 1.5
    endloop
  endfacet
  facet normal 0 0 1
    outer loop
      vertex -66 -15 1.5
      vertex -64.5 -13.8 1.5
      vertex -66 15 1.5
    endloop
  endfacet
  facet normal 0 0 1
    outer loop
      vertex -64.1485 14.6485 1.5
      vertex -65.7472 15.8334 1.5
      vertex -64.2276 14.5613 1.5
    endloop
  endfacet
  facet normal 0 -0 1
    outer loop
      vertex -65.9928 -15.147 1.5
      vertex -64.5 -13.8 1.5
      vertex -66 -15 1.5
    endloop
  endfacet
  facet normal -0 0 1
    outer loop
      vertex -65.8229 15.7071 1.5
      vertex -64.2276 14.5613 1.5
      vertex -65.7472 15.8334 1.5
    endloop
  endfacet
  facet normal 0 0 1
    outer loop
      vertex -64.5 -13.8 1.5
      vertex -64.647 -16.4928 1.5
      vertex -64.5 -16.5 1.5
    endloop
  endfacet
  facet normal -0 0 1
    outer loop
      vertex -65.8858 15.574 1.5
      vertex -64.2276 14.5613 1.5
      vertex -65.8229 15.7071 1.5
    endloop
  endfacet
  facet normal 0 0 1
    outer loop
      vertex -64.5 -13.8 1.5
      vertex -64.7926 -16.4712 1.5
      vertex -64.647 -16.4928 1.5
    endloop
  endfacet
  facet normal -0 0 1
    outer loop
      vertex -65.9354 15.4354 1.5
      vertex -64.2276 14.5613 1.5
      vertex -65.8858 15.574 1.5
    endloop
  endfacet
  facet normal 0 0 1
    outer loop
      vertex -64.5 -13.8 1.5
      vertex -64.9354 -16.4354 1.5
      vertex -64.7926 -16.4712 1.5
    endloop
  endfacet
  facet normal -0 0 1
    outer loop
      vertex -65.9712 15.2926 1.5
      vertex -64.2276 14.5613 1.5
      vertex -65.9354 15.4354 1.5
    endloop
  endfacet
  facet normal 0 0 1
    outer loop
      vertex -64.5 -13.8 1.5
      vertex -65.074 -16.3858 1.5
      vertex -64.9354 -16.4354 1.5
    endloop
  endfacet
  facet normal 0 0 1
    outer loop
      vertex -64.2276 14.5613 1.5
      vertex -65.9712 15.2926 1.5
      vertex -64.2978 14.4667 1.5
    endloop
  endfacet
  facet normal 0 0 1
    outer loop
      vertex -64.5 -13.8 1.5
      vertex -65.2071 -16.3229 1.5
      vertex -65.074 -16.3858 1.5
    endloop
  endfacet
  facet normal -0 0 1
    outer loop
      vertex -65.9928 15.147 1.5
      vertex -64.2978 14.4667 1.5
      vertex -65.9712 15.2926 1.5
    endloop
  endfacet
  facet normal 0 0 1
    outer loop
      vertex -64.5 -13.8 1.5
      vertex -65.3334 -16.2472 1.5
      vertex -65.2071 -16.3229 1.5
    endloop
  endfacet
  facet normal -0 0 1
    outer loop
      vertex -66 15 1.5
      vertex -64.2978 14.4667 1.5
      vertex -65.9928 15.147 1.5
    endloop
  endfacet
  facet normal 0 0 1
    outer loop
      vertex -64.5 -13.8 1.5
      vertex -65.4516 -16.1595 1.5
      vertex -65.3334 -16.2472 1.5
    endloop
  endfacet
  facet normal 0 0 1
    outer loop
      vertex -64.2978 14.4667 1.5
      vertex -66 15 1.5
      vertex -64.3583 14.3657 1.5
    endloop
  endfacet
  facet normal 0 0 1
    outer loop
      vertex -64.5 -13.8 1.5
      vertex -65.5607 -16.0607 1.5
      vertex -65.4516 -16.1595 1.5
    endloop
  endfacet
  facet normal 0 0 1
    outer loop
      vertex -64.3583 14.3657 1.5
      vertex -66 15 1.5
      vertex -64.4087 14.2592 1.5
    endloop
  endfacet
  facet normal 0 0 1
    outer loop
      vertex -64.5 -13.8 1.5
      vertex -65.6595 -15.9516 1.5
      vertex -65.5607 -16.0607 1.5
    endloop
  endfacet
  facet normal 0 0 1
    outer loop
      vertex -64.4087 14.2592 1.5
      vertex -66 15 1.5
      vertex -64.4483 14.1483 1.5
    endloop
  endfacet
  facet normal 0 0 1
    outer loop
      vertex -64.5 -13.8 1.5
      vertex -65.7472 -15.8334 1.5
      vertex -65.6595 -15.9516 1.5
    endloop
  endfacet
  facet normal 0 0 1
    outer loop
      vertex -64.4483 14.1483 1.5
      vertex -66 15 1.5
      vertex -64.4769 14.0341 1.5
    endloop
  endfacet
  facet normal 0 0 1
    outer loop
      vertex -64.5 -13.8 1.5
      vertex -65.8229 -15.7071 1.5
      vertex -65.7472 -15.8334 1.5
    endloop
  endfacet
  facet normal 0 0 1
    outer loop
      vertex -64.4769 14.0341 1.5
      vertex -66 15 1.5
      vertex -64.4942 13.9176 1.5
    endloop
  endfacet
  facet normal 0 0 1
    outer loop
      vertex -64.5 -13.8 1.5
      vertex -65.8858 -15.574 1.5
      vertex -65.8229 -15.7071 1.5
    endloop
  endfacet
  facet normal 0 0 1
    outer loop
      vertex -64.4942 13.9176 1.5
      vertex -66 15 1.5
      vertex -64.5 13.8 1.5
    endloop
  endfacet
  facet normal 0 0 1
    outer loop
      vertex -64.5 -13.8 1.5
      vertex -65.9354 -15.4354 1.5
      vertex -65.8858 -15.574 1.5
    endloop
  endfacet
  facet normal 0 0 1
    outer loop
      vertex -64.5 -13.8 1.5
      vertex -65.9712 -15.2926 1.5
      vertex -65.9354 -15.4354 1.5
    endloop
  endfacet
  facet normal 0 0 1
    outer loop
      vertex -64.5 -13.8 1.5
      vertex -65.9928 -15.147 1.5
      vertex -65.9712 -15.2926 1.5
    endloop
  endfacet
  facet normal 0 0 1
    outer loop
      vertex 64.4942 13.9176 1.5
      vertex 66 15 1.5
      vertex 65.9928 15.147 1.5
    endloop
  endfacet
  facet normal 0 0 1
    outer loop
      vertex 66 15 1.5
      vertex 64.5 13.8 1.5
      vertex 66 -15 1.5
    endloop
  endfacet
  facet normal 0 0 1
    outer loop
      vertex 64.4942 13.9176 1.5
      vertex 65.9928 15.147 1.5
      vertex 65.9712 15.2926 1.5
    endloop
  endfacet
  facet normal -0 0 1
    outer loop
      vertex 64.5 -13.8 1.5
      vertex 66 -15 1.5
      vertex 64.5 13.8 1.5
    endloop
  endfacet
  facet normal 0 0 1
    outer loop
      vertex 64.4942 13.9176 1.5
      vertex 65.9712 15.2926 1.5
      vertex 65.9354 15.4354 1.5
    endloop
  endfacet
  facet normal -0 0 1
    outer loop
      vertex 64.4942 -13.9176 1.5
      vertex 66 -15 1.5
      vertex 64.5 -13.8 1.5
    endloop
  endfacet
  facet normal 0 0 1
    outer loop
      vertex 64.4942 13.9176 1.5
      vertex 65.9354 15.4354 1.5
      vertex 65.8858 15.574 1.5
    endloop
  endfacet
  facet normal -0 0 1
    outer loop
      vertex 64.4769 -14.0341 1.5
      vertex 66 -15 1.5
      vertex 64.4942 -13.9176 1.5
    endloop
  endfacet
  facet normal 0 0 1
    outer loop
      vertex 64.4942 13.9176 1.5
      vertex 65.8858 15.574 1.5
      vertex 65.8229 15.7071 1.5
    endloop
  endfacet
  facet normal -0 0 1
    outer loop
      vertex 64.4483 -14.1483 1.5
      vertex 66 -15 1.5
      vertex 64.4769 -14.0341 1.5
    endloop
  endfacet
  facet normal 0 0 1
    outer loop
      vertex 64.4942 13.9176 1.5
      vertex 65.8229 15.7071 1.5
      vertex 65.7472 15.8334 1.5
    endloop
  endfacet
  facet normal -0 0 1
    outer loop
      vertex 64.4087 -14.2592 1.5
      vertex 66 -15 1.5
      vertex 64.4483 -14.1483 1.5
    endloop
  endfacet
  facet normal 0 0 1
    outer loop
      vertex 64.4942 13.9176 1.5
      vertex 65.7472 15.8334 1.5
      vertex 65.6595 15.9516 1.5
    endloop
  endfacet
  facet normal -0 0 1
    outer loop
      vertex 64.3583 -14.3657 1.5
      vertex 66 -15 1.5
      vertex 64.4087 -14.2592 1.5
    endloop
  endfacet
  facet normal 0 0 1
    outer loop
      vertex 64.4942 13.9176 1.5
      vertex 65.6595 15.9516 1.5
      vertex 65.5607 16.0607 1.5
    endloop
  endfacet
  facet normal -0 0 1
    outer loop
      vertex 64.2978 -14.4667 1.5
      vertex 66 -15 1.5
      vertex 64.3583 -14.3657 1.5
    endloop
  endfacet
  facet normal 0 0 1
    outer loop
      vertex 64.4942 13.9176 1.5
      vertex 65.5607 16.0607 1.5
      vertex 65.4516 16.1595 1.5
    endloop
  endfacet
  facet normal 0 0 1
    outer loop
      vertex 66 -15 1.5
      vertex 64.2978 -14.4667 1.5
      vertex 65.9928 -15.147 1.5
    endloop
  endfacet
  facet normal 0 0 1
    outer loop
      vertex 64.4942 13.9176 1.5
      vertex 65.4516 16.1595 1.5
      vertex 65.3334 16.2472 1.5
    endloop
  endfacet
  facet normal 0 0 1
    outer loop
      vertex 65.9928 -15.147 1.5
      vertex 64.2978 -14.4667 1.5
      vertex 65.9712 -15.2926 1.5
    endloop
  endfacet
  facet normal 0 0 1
    outer loop
      vertex 64.4942 13.9176 1.5
      vertex 65.3334 16.2472 1.5
      vertex 65.2071 16.3229 1.5
    endloop
  endfacet
  facet normal -0 0 1
    outer loop
      vertex 64.2276 -14.5613 1.5
      vertex 65.9712 -15.2926 1.5
      vertex 64.2978 -14.4667 1.5
    endloop
  endfacet
  facet normal 0 0 1
    outer loop
      vertex 64.4942 13.9176 1.5
      vertex 65.2071 16.3229 1.5
      vertex 65.074 16.3858 1.5
    endloop
  endfacet
  facet normal 0 0 1
    outer loop
      vertex 65.9712 -15.2926 1.5
      vertex 64.2276 -14.5613 1.5
      vertex 65.9354 -15.4354 1.5
    endloop
  endfacet
  facet normal 0 0 1
    outer loop
      vertex 64.4942 13.9176 1.5
      vertex 65.074 16.3858 1.5
      vertex 64.9354 16.4354 1.5
    endloop
  endfacet
  facet normal 0 0 1
    outer loop
      vertex 65.9354 -15.4354 1.5
      vertex 64.2276 -14.5613 1.5
      vertex 65.8858 -15.574 1.5
    endloop
  endfacet
  facet normal 0 0 1
    outer loop
      vertex 64.4942 13.9176 1.5
      vertex 64.9354 16.4354 1.5
      vertex 64.7926 16.4712 1.5
    endloop
  endfacet
  facet normal 0 0 1
    outer loop
      vertex 65.8858 -15.574 1.5
      vertex 64.2276 -14.5613 1.5
      vertex 65.8229 -15.7071 1.5
    endloop
  endfacet
  facet normal 0 0 1
    outer loop
      vertex 64.4942 13.9176 1.5
      vertex 64.7926 16.4712 1.5
      vertex 64.647 16.4928 1.5
    endloop
  endfacet
  facet normal 0 0 1
    outer loop
      vertex 65.8229 -15.7071 1.5
      vertex 64.2276 -14.5613 1.5
      vertex 65.7472 -15.8334 1.5
    endloop
  endfacet
  facet normal 0 0 1
    outer loop
      vertex 63.9667 14.7978 1.5
      vertex 64.647 16.4928 1.5
      vertex 64.5 16.5 1.5
    endloop
  endfacet
  facet normal -0 0 1
    outer loop
      vertex 64.1485 -14.6485 1.5
      vertex 65.7472 -15.8334 1.5
      vertex 64.2276 -14.5613 1.5
    endloop
  endfacet
  facet normal 0 0 1
    outer loop
      vertex 65.7472 -15.8334 1.5
      vertex 64.1485 -14.6485 1.5
      vertex 65.6595 -15.9516 1.5
    endloop
  endfacet
  facet normal 0 0 1
    outer loop
      vertex 65.6595 -15.9516 1.5
      vertex 64.1485 -14.6485 1.5
      vertex 65.5607 -16.0607 1.5
    endloop
  endfacet
  facet normal 0 0 1
    outer loop
      vertex 65.5607 -16.0607 1.5
      vertex 64.1485 -14.6485 1.5
      vertex 65.4516 -16.1595 1.5
    endloop
  endfacet
  facet normal 0 0 1
    outer loop
      vertex 65.4516 -16.1595 1.5
      vertex 64.1485 -14.6485 1.5
      vertex 65.3334 -16.2472 1.5
    endloop
  endfacet
  facet normal -0 0 1
    outer loop
      vertex 64.0613 -14.7276 1.5
      vertex 65.3334 -16.2472 1.5
      vertex 64.1485 -14.6485 1.5
    endloop
  endfacet
  facet normal 0 0 1
    outer loop
      vertex 65.3334 -16.2472 1.5
      vertex 64.0613 -14.7276 1.5
      vertex 65.2071 -16.3229 1.5
    endloop
  endfacet
  facet normal 0 0 1
    outer loop
      vertex 65.2071 -16.3229 1.5
      vertex 64.0613 -14.7276 1.5
      vertex 65.074 -16.3858 1.5
    endloop
  endfacet
  facet normal 0 0 1
    outer loop
      vertex 65.074 -16.3858 1.5
      vertex 64.0613 -14.7276 1.5
      vertex 64.9354 -16.4354 1.5
    endloop
  endfacet
  facet normal 0 0 1
    outer loop
      vertex 64.9354 -16.4354 1.5
      vertex 64.0613 -14.7276 1.5
      vertex 64.7926 -16.4712 1.5
    endloop
  endfacet
  facet normal 0 0 1
    outer loop
      vertex 64.7926 -16.4712 1.5
      vertex 64.0613 -14.7276 1.5
      vertex 64.647 -16.4928 1.5
    endloop
  endfacet
  facet normal -0 0 1
    outer loop
      vertex 63.9667 -14.7978 1.5
      vertex 64.647 -16.4928 1.5
      vertex 64.0613 -14.7276 1.5
    endloop
  endfacet
  facet normal 0 0 1
    outer loop
      vertex 64.647 -16.4928 1.5
      vertex 63.9667 -14.7978 1.5
      vertex 64.5 -16.5 1.5
    endloop
  endfacet
  facet normal -0 0 1
    outer loop
      vertex 63.8657 -14.8583 1.5
      vertex 64.5 -16.5 1.5
      vertex 63.9667 -14.7978 1.5
    endloop
  endfacet
  facet normal -0 0 1
    outer loop
      vertex 63.7592 -14.9087 1.5
      vertex 64.5 -16.5 1.5
      vertex 63.8657 -14.8583 1.5
    endloop
  endfacet
  facet normal -0 0 1
    outer loop
      vertex 63.6483 -14.9483 1.5
      vertex 64.5 -16.5 1.5
      vertex 63.7592 -14.9087 1.5
    endloop
  endfacet
  facet normal -0 0 1
    outer loop
      vertex 63.5341 -14.9769 1.5
      vertex 64.5 -16.5 1.5
      vertex 63.6483 -14.9483 1.5
    endloop
  endfacet
  facet normal -0 0 1
    outer loop
      vertex 63.4176 -14.9942 1.5
      vertex 64.5 -16.5 1.5
      vertex 63.5341 -14.9769 1.5
    endloop
  endfacet
  facet normal -0 0 1
    outer loop
      vertex 63.3 -15 1.5
      vertex 64.5 -16.5 1.5
      vertex 63.4176 -14.9942 1.5
    endloop
  endfacet
  facet normal -0 0 1
    outer loop
      vertex -63.3 -15 1.5
      vertex 64.5 -16.5 1.5
      vertex 63.3 -15 1.5
    endloop
  endfacet
  facet normal 0 0 1
    outer loop
      vertex -63.3 -15 1.5
      vertex -64.5 -16.5 1.5
      vertex 64.5 -16.5 1.5
    endloop
  endfacet
  facet normal 0 0 1
    outer loop
      vertex -63.4176 -14.9942 1.5
      vertex -64.5 -16.5 1.5
      vertex -63.3 -15 1.5
    endloop
  endfacet
  facet normal 0 0 1
    outer loop
      vertex -63.5341 -14.9769 1.5
      vertex -64.5 -16.5 1.5
      vertex -63.4176 -14.9942 1.5
    endloop
  endfacet
  facet normal 0 0 1
    outer loop
      vertex -63.6483 -14.9483 1.5
      vertex -64.5 -16.5 1.5
      vertex -63.5341 -14.9769 1.5
    endloop
  endfacet
  facet normal 0 0 1
    outer loop
      vertex -63.7592 -14.9087 1.5
      vertex -64.5 -16.5 1.5
      vertex -63.6483 -14.9483 1.5
    endloop
  endfacet
  facet normal 0 0 1
    outer loop
      vertex -63.8657 -14.8583 1.5
      vertex -64.5 -16.5 1.5
      vertex -63.7592 -14.9087 1.5
    endloop
  endfacet
  facet normal 0 0 1
    outer loop
      vertex -63.9667 -14.7978 1.5
      vertex -64.5 -16.5 1.5
      vertex -63.8657 -14.8583 1.5
    endloop
  endfacet
  facet normal 0 0 1
    outer loop
      vertex -64.0613 -14.7276 1.5
      vertex -64.5 -16.5 1.5
      vertex -63.9667 -14.7978 1.5
    endloop
  endfacet
  facet normal 0 0 1
    outer loop
      vertex -64.1485 -14.6485 1.5
      vertex -64.5 -16.5 1.5
      vertex -64.0613 -14.7276 1.5
    endloop
  endfacet
  facet normal 0 0 1
    outer loop
      vertex -64.2276 -14.5613 1.5
      vertex -64.5 -16.5 1.5
      vertex -64.1485 -14.6485 1.5
    endloop
  endfacet
  facet normal 0 0 1
    outer loop
      vertex -64.2978 -14.4667 1.5
      vertex -64.5 -16.5 1.5
      vertex -64.2276 -14.5613 1.5
    endloop
  endfacet
  facet normal 0 0 1
    outer loop
      vertex -64.3583 -14.3657 1.5
      vertex -64.5 -16.5 1.5
      vertex -64.2978 -14.4667 1.5
    endloop
  endfacet
  facet normal 0 0 1
    outer loop
      vertex -64.4087 -14.2592 1.5
      vertex -64.5 -16.5 1.5
      vertex -64.3583 -14.3657 1.5
    endloop
  endfacet
  facet normal 0 0 1
    outer loop
      vertex -64.4483 -14.1483 1.5
      vertex -64.5 -16.5 1.5
      vertex -64.4087 -14.2592 1.5
    endloop
  endfacet
  facet normal 0 0 1
    outer loop
      vertex -64.4769 -14.0341 1.5
      vertex -64.5 -16.5 1.5
      vertex -64.4483 -14.1483 1.5
    endloop
  endfacet
  facet normal 0 0 1
    outer loop
      vertex -64.4942 -13.9176 1.5
      vertex -64.5 -16.5 1.5
      vertex -64.4769 -14.0341 1.5
    endloop
  endfacet
  facet normal 0 0 1
    outer loop
      vertex -64.5 -16.5 1.5
      vertex -64.4942 -13.9176 1.5
      vertex -64.5 -13.8 1.5
    endloop
  endfacet
  facet normal 0.0489209 0.998803 -0
    outer loop
      vertex -64.5 -16.5 1.5
      vertex -64.647 -16.4928 6
      vertex -64.5 -16.5 6
    endloop
  endfacet
  facet normal 0.0489209 0.998803 0
    outer loop
      vertex -64.647 -16.4928 6
      vertex -64.5 -16.5 1.5
      vertex -64.647 -16.4928 1.5
    endloop
  endfacet
  facet normal -0.514096 0.857733 0
    outer loop
      vertex 65.3334 -16.2472 1.5
      vertex 65.2071 -16.3229 6
      vertex 65.3334 -16.2472 6
    endloop
  endfacet
  facet normal -0.514096 0.857733 0
    outer loop
      vertex 65.2071 -16.3229 6
      vertex 65.3334 -16.2472 1.5
      vertex 65.2071 -16.3229 1.5
    endloop
  endfacet
  facet normal -0.595861 0.803088 0
    outer loop
      vertex 65.4516 -16.1595 1.5
      vertex 65.3334 -16.2472 6
      vertex 65.4516 -16.1595 6
    endloop
  endfacet
  facet normal -0.595861 0.803088 0
    outer loop
      vertex 65.3334 -16.2472 6
      vertex 65.4516 -16.1595 1.5
      vertex 65.3334 -16.2472 1.5
    endloop
  endfacet
  facet normal 0.146746 0.989174 -0
    outer loop
      vertex -64.647 -16.4928 1.5
      vertex -64.7926 -16.4712 6
      vertex -64.647 -16.4928 6
    endloop
  endfacet
  facet normal 0.146746 0.989174 0
    outer loop
      vertex -64.7926 -16.4712 6
      vertex -64.647 -16.4928 1.5
      vertex -64.7926 -16.4712 1.5
    endloop
  endfacet
  facet normal 0.857733 0.514096 0
    outer loop
      vertex -65.7472 -15.8334 6
      vertex -65.8229 -15.7071 1.5
      vertex -65.8229 -15.7071 6
    endloop
  endfacet
  facet normal 0.857733 0.514096 0
    outer loop
      vertex -65.8229 -15.7071 1.5
      vertex -65.7472 -15.8334 6
      vertex -65.7472 -15.8334 1.5
    endloop
  endfacet
  facet normal 0.427269 0.904125 -0
    outer loop
      vertex -65.074 -16.3858 1.5
      vertex -65.2071 -16.3229 6
      vertex -65.074 -16.3858 6
    endloop
  endfacet
  facet normal 0.427269 0.904125 0
    outer loop
      vertex -65.2071 -16.3229 6
      vertex -65.074 -16.3858 1.5
      vertex -65.2071 -16.3229 1.5
    endloop
  endfacet
endsolid OpenSCAD_Model
